Weight (lbs):,111.13026281173174
,
"velocity (vertical, m/s)",
video,average,min,time of min (ms),max,time of max (ms)
1,0.22,-0.88,3353,0.96,7186
,
"velocity (horizontal, m/s)",
video,average,min,time of min (ms),max,time of max (ms)
1,0.13,-0.79,7186,0.62,7020
,
"velocity (m/s)",
video,average,min,time of min (ms),max,time of max (ms)
1,0.28,0.00,19978,1.24,7186
,
"acceleration (vertical, m/s^2)",
video,average,min,time of min (ms),max,time of max (ms)
1,0.92,-6.49,6895,9.90,7061
,
"acceleration (horizontal, m/s^2)",
video,average,min,time of min (ms),max,time of max (ms)
1,0.36,-14,7103,7.31,7270
,
"acceleration (m/s^2)",
video,average,min,time of min (ms),max,time of max (ms)
1,1.06,0.00,19978,16,7103
,
"displacement (vertical, m)",
video,average,min,time of min (ms),max,time of max (ms)
1,0.03,-0.37,3811,0.04,7561
,
"displacement (horizontal, m)",
video,average,min,time of min (ms),max,time of max (ms)
1,0.07,-0.29,19978,0.13,7103
,
"displacement (m)",
video,average,min,time of min (ms),max,time of max (ms)
1,0.19,0.00,0,0.38,978
,
"power (vertical, kW)",
video,average,min,time of min (ms),max,time of max (ms)
1,0.25,0.00,19978,1.31,7145
,
"power (horizontal, kW)",
video,average,min,time of min (ms),max,time of max (ms)
1,0.23,0.00,19978,0.32,6978
,
"power (kW)",
video,average,min,time of min (ms),max,time of max (ms)
1,0.25,0.00,19978,1.31,7145
,
"force (vertical, kN)",
video,average,min,time of min (ms),max,time of max (ms)
1,1.09,0.37,6895,2.19,7061
,
"force (horizontal, kN)",
video,average,min,time of min (ms),max,time of max (ms)
1,0.10,0.00,19978,0.81,7270
,
"force (kN)",
video,average,min,time of min (ms),max,time of max (ms)
1,1.09,0.58,6853,2.19,7061
,
Frame number,Time (s),"velocity (vertical, m/s)","velocity (horizontal, m/s)","velocity (m/s)","acceleration (vertical, m/s^2)","acceleration (horizontal, m/s^2)","acceleration (m/s^2)","displacement (vertical, m)","displacement (horizontal, m)","displacement (m)","power (vertical, kW)","power (horizontal, kW)","power (kW)","force (vertical, kN)","force (horizontal, kN)","force (kN)"
1,0.00,0.00,0.00,0.00,0.00,0.00,0.00,0.00,0.00,0.00,0.00,0.00,0.00,1.09,0.00,1.09
2,0.02,-0.01,0.01,0.01,0.00,0.00,0.00,0.00,0.00,0.00,0.00,0.00,0.00,1.09,0.00,1.09
3,0.06,-0.03,0.02,0.04,0.00,0.00,0.00,0.00,0.00,0.00,0.00,0.00,0.00,1.09,0.00,1.09
4,0.10,-0.10,0.04,0.11,-2.20,0.38,2.23,0.00,0.00,0.00,0.00,0.00,0.00,0.85,0.04,0.85
5,0.14,-0.21,0.05,0.22,-3.21,0.53,3.25,-0.00,0.00,0.01,0.00,0.00,0.00,0.73,0.06,0.74
6,0.19,-0.36,0.08,0.37,-3.86,0.54,3.90,-0.01,0.01,0.02,0.00,0.00,0.00,0.66,0.06,0.66
7,0.23,-0.52,0.10,0.53,-3.70,0.49,3.74,-0.03,0.01,0.04,0.00,0.01,0.01,0.68,0.05,0.68
8,0.27,-0.66,0.12,0.67,-2.71,0.42,2.74,-0.06,0.02,0.06,0.00,0.01,0.01,0.79,0.05,0.79
9,0.31,-0.74,0.14,0.76,-1.34,0.44,1.41,-0.09,0.02,0.09,0.00,0.01,0.01,0.94,0.05,0.94
10,0.35,-0.77,0.15,0.79,0.01,0.44,0.44,-0.13,0.03,0.13,0.00,0.01,0.01,1.09,0.05,1.09
11,0.40,-0.75,0.17,0.77,1.02,0.30,1.06,-0.16,0.03,0.16,0.00,0.01,0.01,1.20,0.03,1.20
12,0.44,-0.70,0.18,0.72,1.47,0.14,1.48,-0.19,0.04,0.19,0.00,0.00,0.00,1.25,0.02,1.25
13,0.48,-0.63,0.18,0.65,1.68,-0.07,1.68,-0.22,0.05,0.22,0.00,0.00,0.00,1.28,0.00,1.28
14,0.52,-0.56,0.17,0.58,1.72,-0.29,1.74,-0.24,0.06,0.25,0.00,0.00,0.00,1.28,0.00,1.28
15,0.56,-0.49,0.16,0.52,1.50,-0.37,1.55,-0.26,0.06,0.27,0.00,0.00,0.00,1.26,0.00,1.26
16,0.60,-0.43,0.14,0.46,1.25,-0.32,1.29,-0.28,0.07,0.29,0.00,0.00,0.00,1.23,0.00,1.23
17,0.65,-0.39,0.13,0.41,1.03,-0.24,1.06,-0.30,0.08,0.31,0.00,0.00,0.00,1.20,0.00,1.20
18,0.69,-0.35,0.12,0.37,0.83,-0.25,0.87,-0.31,0.08,0.32,0.00,0.00,0.00,1.18,0.00,1.18
19,0.73,-0.31,0.11,0.33,0.92,-0.40,1.00,-0.33,0.09,0.34,0.00,0.00,0.00,1.19,0.00,1.19
20,0.77,-0.27,0.09,0.28,1.15,-0.46,1.24,-0.34,0.09,0.35,0.00,0.00,0.00,1.22,0.00,1.22
21,0.81,-0.22,0.07,0.23,1.32,-0.36,1.37,-0.35,0.09,0.36,0.00,0.00,0.00,1.24,0.00,1.24
22,0.85,-0.16,0.06,0.17,1.43,-0.29,1.46,-0.36,0.10,0.37,0.00,0.00,0.00,1.25,0.00,1.25
23,0.90,-0.10,0.05,0.11,1.38,-0.33,1.42,-0.36,0.10,0.38,0.00,0.00,0.00,1.24,0.00,1.24
24,0.94,-0.05,0.03,0.06,1.14,-0.38,1.21,-0.37,0.10,0.38,0.00,0.00,0.00,1.22,0.00,1.22
25,0.98,-0.01,0.02,0.02,0.79,-0.34,0.85,-0.37,0.10,0.38,0.00,0.00,0.00,1.18,0.00,1.18
26,1.02,0.02,0.01,0.02,0.48,-0.14,0.50,-0.37,0.10,0.38,0.02,0.00,0.02,1.14,0.00,1.14
27,1.06,0.04,0.00,0.04,0.39,-0.02,0.39,-0.37,0.10,0.38,0.04,0.00,0.04,1.13,0.00,1.13
28,1.10,0.06,0.00,0.06,0.57,-0.10,0.58,-0.36,0.10,0.38,0.06,0.00,0.06,1.15,0.00,1.15
29,1.15,0.09,-0.01,0.09,0.89,-0.24,0.92,-0.36,0.10,0.38,0.10,0.00,0.10,1.19,0.00,1.19
30,1.19,0.13,-0.02,0.13,1.13,-0.26,1.16,-0.36,0.10,0.37,0.16,0.00,0.16,1.22,0.00,1.22
31,1.23,0.18,-0.02,0.18,1.09,-0.10,1.10,-0.35,0.10,0.37,0.21,0.00,0.21,1.21,0.00,1.21
32,1.27,0.22,-0.02,0.22,0.94,0.07,0.94,-0.34,0.10,0.36,0.26,0.00,0.26,1.19,0.01,1.19
33,1.31,0.26,-0.02,0.26,0.87,0.01,0.87,-0.33,0.10,0.35,0.30,0.00,0.30,1.19,0.00,1.19
34,1.35,0.29,-0.03,0.29,0.85,-0.16,0.86,-0.32,0.10,0.34,0.34,0.00,0.34,1.18,0.00,1.18
35,1.40,0.33,-0.03,0.33,0.76,-0.19,0.79,-0.31,0.10,0.32,0.38,0.00,0.38,1.17,0.00,1.17
36,1.44,0.35,-0.04,0.36,0.55,-0.09,0.56,-0.29,0.09,0.31,0.41,0.00,0.41,1.15,0.00,1.15
37,1.48,0.37,-0.04,0.37,0.29,0.03,0.29,-0.28,0.09,0.29,0.42,0.00,0.42,1.12,0.00,1.12
38,1.52,0.38,-0.04,0.38,0.31,-0.06,0.32,-0.26,0.09,0.28,0.43,0.00,0.43,1.12,0.00,1.12
39,1.56,0.40,-0.05,0.40,0.53,-0.35,0.64,-0.25,0.09,0.26,0.46,0.00,0.46,1.15,0.00,1.15
40,1.60,0.42,-0.07,0.43,0.49,-0.48,0.69,-0.23,0.09,0.25,0.48,0.00,0.48,1.14,0.00,1.14
41,1.65,0.44,-0.08,0.45,0.24,-0.30,0.39,-0.21,0.08,0.23,0.49,0.00,0.49,1.12,0.00,1.12
42,1.69,0.44,-0.09,0.45,-0.01,-0.06,0.06,-0.19,0.08,0.21,0.48,0.00,0.48,1.09,0.00,1.09
43,1.73,0.44,-0.09,0.45,-0.11,0.04,0.12,-0.17,0.08,0.19,0.47,0.00,0.47,1.08,0.00,1.08
44,1.77,0.44,-0.09,0.45,0.16,-0.08,0.18,-0.16,0.07,0.17,0.49,0.00,0.49,1.11,0.00,1.11
45,1.81,0.45,-0.10,0.46,0.48,-0.26,0.55,-0.14,0.07,0.15,0.52,0.00,0.52,1.14,0.00,1.14
46,1.85,0.47,-0.11,0.49,0.46,-0.26,0.53,-0.12,0.06,0.14,0.54,0.00,0.54,1.14,0.00,1.14
47,1.90,0.49,-0.12,0.50,0.25,-0.12,0.27,-0.10,0.06,0.11,0.55,0.00,0.55,1.12,0.00,1.12
48,1.94,0.49,-0.12,0.51,-0.01,0.03,0.03,-0.08,0.05,0.09,0.54,0.00,0.54,1.09,0.00,1.09
49,1.98,0.49,-0.12,0.50,-0.32,0.16,0.36,-0.06,0.05,0.07,0.51,0.00,0.51,1.05,0.02,1.05
50,2.02,0.47,-0.11,0.48,-0.66,0.22,0.70,-0.04,0.04,0.06,0.47,0.00,0.47,1.02,0.02,1.02
51,2.06,0.43,-0.10,0.44,-1.19,0.20,1.20,-0.02,0.04,0.04,0.41,0.00,0.41,0.96,0.02,0.96
52,2.10,0.36,-0.09,0.37,-2.06,0.22,2.07,0.00,0.04,0.04,0.31,0.00,0.31,0.86,0.02,0.86
53,2.15,0.26,-0.08,0.27,-2.82,0.25,2.84,0.02,0.03,0.04,0.20,0.00,0.20,0.78,0.03,0.78
54,2.19,0.14,-0.07,0.16,-2.81,0.25,2.82,0.03,0.03,0.04,0.11,0.00,0.11,0.78,0.03,0.78
55,2.23,0.03,-0.06,0.07,-2.05,0.30,2.07,0.03,0.03,0.04,0.03,0.00,0.03,0.86,0.03,0.86
56,2.27,-0.03,-0.04,0.05,-0.88,0.41,0.97,0.02,0.02,0.03,0.00,0.00,0.00,0.99,0.05,0.99
57,2.31,-0.04,-0.03,0.05,0.21,0.47,0.51,0.02,0.02,0.03,0.00,0.00,0.00,1.11,0.05,1.11
58,2.35,-0.02,-0.01,0.02,0.69,0.42,0.80,0.02,0.02,0.03,0.00,0.00,0.00,1.17,0.05,1.17
59,2.40,0.01,0.01,0.01,0.64,0.16,0.66,0.02,0.02,0.03,0.01,0.00,0.01,1.16,0.02,1.16
60,2.44,0.03,0.01,0.03,0.45,-0.15,0.47,0.02,0.02,0.03,0.04,0.00,0.04,1.14,0.00,1.14
61,2.48,0.05,-0.00,0.05,0.11,-0.21,0.24,0.02,0.02,0.03,0.05,0.00,0.05,1.10,0.00,1.10
62,2.52,0.04,-0.01,0.04,-0.21,-0.07,0.22,0.03,0.02,0.03,0.05,0.00,0.05,1.07,0.00,1.07
63,2.56,0.03,-0.01,0.03,-0.34,0.08,0.35,0.03,0.02,0.03,0.03,0.00,0.03,1.05,0.01,1.05
64,2.60,0.02,-0.00,0.02,-0.37,0.07,0.37,0.03,0.02,0.04,0.02,0.00,0.02,1.05,0.01,1.05
65,2.65,0.00,-0.00,0.01,-0.28,-0.10,0.30,0.03,0.02,0.04,0.00,0.00,0.00,1.06,0.00,1.06
66,2.69,-0.01,-0.01,0.01,-0.13,-0.17,0.21,0.03,0.02,0.04,0.00,0.00,0.00,1.08,0.00,1.08
67,2.73,-0.01,-0.02,0.02,0.02,-0.04,0.04,0.03,0.02,0.03,0.00,0.00,0.00,1.09,0.00,1.09
68,2.77,-0.00,-0.01,0.02,0.15,0.10,0.18,0.03,0.02,0.03,0.00,0.00,0.00,1.11,0.01,1.11
69,2.81,0.00,-0.01,0.01,0.12,0.15,0.19,0.03,0.02,0.03,0.00,0.00,0.00,1.10,0.02,1.10
70,2.85,0.00,-0.00,0.00,-0.08,0.18,0.20,0.03,0.02,0.03,0.00,0.00,0.00,1.08,0.02,1.08
71,2.90,-0.00,0.01,0.01,-0.24,0.17,0.30,0.03,0.02,0.03,0.00,0.00,0.00,1.06,0.02,1.06
72,2.94,-0.02,0.01,0.02,-0.32,0.17,0.36,0.03,0.02,0.03,0.00,0.00,0.00,1.05,0.02,1.05
73,2.98,-0.03,0.02,0.04,-0.31,0.21,0.37,0.03,0.02,0.03,0.00,0.00,0.00,1.06,0.02,1.06
74,3.02,-0.04,0.03,0.05,-0.30,0.14,0.34,0.02,0.02,0.03,0.00,0.00,0.00,1.06,0.02,1.06
75,3.06,-0.06,0.03,0.07,-0.67,0.05,0.67,0.02,0.02,0.03,0.00,0.00,0.00,1.02,0.01,1.02
76,3.10,-0.11,0.03,0.11,-1.63,0.08,1.64,0.02,0.02,0.03,0.00,0.00,0.00,0.91,0.01,0.91
77,3.15,-0.20,0.04,0.21,-3.01,0.13,3.01,0.02,0.03,0.03,0.00,0.00,0.00,0.76,0.01,0.76
78,3.19,-0.35,0.05,0.36,-4.18,0.24,4.19,0.01,0.03,0.03,0.00,0.00,0.00,0.63,0.03,0.63
79,3.23,-0.54,0.06,0.54,-4.46,0.40,4.48,-0.01,0.03,0.03,0.00,0.00,0.00,0.59,0.04,0.60
80,3.27,-0.71,0.08,0.71,-3.65,0.39,3.67,-0.04,0.03,0.05,0.00,0.00,0.00,0.68,0.04,0.69
81,3.31,-0.83,0.09,0.84,-2.10,0.25,2.11,-0.07,0.04,0.08,0.00,0.00,0.00,0.86,0.03,0.86
82,3.35,-0.88,0.10,0.89,-0.39,0.10,0.40,-0.11,0.04,0.12,0.00,0.00,0.00,1.05,0.01,1.05
83,3.40,-0.87,0.10,0.88,0.87,0.04,0.87,-0.15,0.04,0.16,0.00,0.00,0.00,1.19,0.00,1.19
84,3.44,-0.82,0.10,0.82,1.61,0.09,1.62,-0.19,0.05,0.19,0.00,0.00,0.00,1.27,0.01,1.27
85,3.48,-0.74,0.11,0.75,1.96,0.13,1.97,-0.22,0.05,0.23,0.00,0.00,0.00,1.31,0.01,1.31
86,3.52,-0.66,0.11,0.67,1.89,0.06,1.89,-0.25,0.06,0.26,0.00,0.00,0.00,1.30,0.01,1.30
87,3.56,-0.59,0.11,0.60,1.68,-0.13,1.68,-0.27,0.06,0.28,0.00,0.00,0.00,1.28,0.00,1.28
88,3.60,-0.52,0.10,0.53,1.53,-0.34,1.57,-0.30,0.07,0.30,0.00,0.00,0.00,1.26,0.00,1.26
89,3.65,-0.46,0.08,0.47,1.51,-0.51,1.59,-0.32,0.07,0.33,0.00,0.00,0.00,1.26,0.00,1.26
90,3.69,-0.39,0.06,0.39,1.84,-0.68,1.96,-0.34,0.07,0.34,0.00,0.00,0.00,1.29,0.00,1.29
91,3.73,-0.30,0.03,0.30,2.57,-0.79,2.69,-0.35,0.08,0.36,0.00,0.00,0.00,1.38,0.00,1.38
92,3.77,-0.18,-0.00,0.18,3.31,-0.72,3.39,-0.36,0.08,0.37,0.00,0.00,0.00,1.46,0.00,1.46
93,3.81,-0.03,-0.03,0.04,3.54,-0.55,3.58,-0.37,0.08,0.38,0.00,0.00,0.00,1.48,0.00,1.48
94,3.85,0.11,-0.05,0.12,3.07,-0.38,3.09,-0.37,0.07,0.37,0.16,0.00,0.16,1.43,0.00,1.43
95,3.90,0.22,-0.06,0.23,2.17,-0.18,2.17,-0.36,0.07,0.36,0.29,0.00,0.29,1.33,0.00,1.33
96,3.94,0.29,-0.07,0.30,1.33,-0.04,1.33,-0.34,0.07,0.35,0.36,0.00,0.36,1.24,0.00,1.24
97,3.98,0.33,-0.07,0.34,0.83,0.03,0.83,-0.33,0.07,0.34,0.39,0.00,0.39,1.18,0.00,1.18
98,4.02,0.36,-0.06,0.37,0.55,0.16,0.57,-0.32,0.06,0.32,0.42,0.00,0.42,1.15,0.02,1.15
99,4.06,0.38,-0.05,0.39,0.34,0.19,0.39,-0.30,0.06,0.31,0.43,0.00,0.43,1.13,0.02,1.13
100,4.10,0.39,-0.05,0.40,0.24,0.13,0.27,-0.28,0.06,0.29,0.44,0.00,0.44,1.12,0.01,1.12
101,4.14,0.40,-0.04,0.41,0.29,0.11,0.31,-0.27,0.06,0.27,0.45,0.00,0.45,1.12,0.01,1.12
102,4.19,0.42,-0.04,0.42,0.29,0.08,0.30,-0.25,0.05,0.26,0.47,0.00,0.47,1.12,0.01,1.12
103,4.23,0.43,-0.04,0.43,0.14,0.06,0.15,-0.23,0.05,0.24,0.47,0.00,0.47,1.11,0.01,1.11
104,4.27,0.43,-0.03,0.43,0.03,0.03,0.04,-0.21,0.05,0.22,0.47,0.00,0.47,1.09,0.00,1.09
105,4.31,0.43,-0.03,0.43,0.08,-0.07,0.11,-0.20,0.05,0.20,0.47,0.00,0.47,1.10,0.00,1.10
106,4.35,0.44,-0.04,0.44,0.16,-0.20,0.26,-0.18,0.05,0.19,0.48,0.00,0.48,1.11,0.00,1.11
107,4.39,0.44,-0.05,0.44,0.04,-0.23,0.24,-0.16,0.05,0.17,0.48,0.00,0.48,1.09,0.00,1.09
108,4.44,0.44,-0.06,0.44,-0.21,-0.14,0.25,-0.14,0.05,0.15,0.47,0.00,0.47,1.07,0.00,1.07
109,4.48,0.43,-0.06,0.43,-0.27,-0.03,0.27,-0.12,0.04,0.13,0.45,0.00,0.45,1.06,0.00,1.06
110,4.52,0.42,-0.06,0.42,-0.16,0.01,0.16,-0.11,0.04,0.11,0.45,0.00,0.45,1.07,0.00,1.07
111,4.56,0.41,-0.06,0.42,-0.08,-0.02,0.08,-0.09,0.04,0.10,0.45,0.00,0.45,1.08,0.00,1.08
112,4.60,0.41,-0.06,0.42,-0.04,-0.08,0.09,-0.07,0.03,0.08,0.45,0.00,0.45,1.09,0.00,1.09
113,4.64,0.41,-0.07,0.41,-0.12,-0.06,0.13,-0.05,0.03,0.06,0.44,0.00,0.44,1.08,0.00,1.08
114,4.69,0.40,-0.07,0.41,-0.19,0.02,0.19,-0.04,0.03,0.05,0.43,0.00,0.43,1.07,0.00,1.07
115,4.73,0.39,-0.06,0.40,-0.37,0.11,0.38,-0.02,0.03,0.03,0.41,0.00,0.41,1.05,0.01,1.05
116,4.77,0.36,-0.06,0.37,-0.96,0.18,0.98,-0.00,0.02,0.02,0.36,0.00,0.36,0.98,0.02,0.98
117,4.81,0.31,-0.05,0.31,-1.73,0.11,1.74,0.01,0.02,0.02,0.28,0.00,0.28,0.90,0.01,0.90
118,4.85,0.22,-0.05,0.23,-2.18,-0.03,2.18,0.02,0.02,0.03,0.19,0.00,0.19,0.85,0.00,0.85
119,4.89,0.13,-0.05,0.14,-2.20,-0.05,2.20,0.03,0.02,0.04,0.11,0.00,0.11,0.85,0.00,0.85
120,4.94,0.05,-0.05,0.07,-1.78,0.02,1.78,0.03,0.02,0.04,0.04,0.00,0.04,0.89,0.00,0.89
121,4.98,-0.01,-0.05,0.05,-1.07,0.13,1.08,0.03,0.01,0.04,0.00,0.00,0.00,0.97,0.01,0.97
122,5.02,-0.04,-0.04,0.06,-0.38,0.21,0.44,0.03,0.01,0.03,0.00,0.00,0.00,1.05,0.02,1.05
123,5.06,-0.05,-0.03,0.06,0.13,0.15,0.20,0.03,0.01,0.03,0.00,0.00,0.00,1.10,0.02,1.10
124,5.10,-0.04,-0.03,0.05,0.31,0.04,0.31,0.03,0.01,0.03,0.00,0.00,0.00,1.12,0.00,1.12
125,5.14,-0.03,-0.03,0.04,0.12,0.03,0.12,0.02,0.01,0.03,0.00,0.00,0.00,1.10,0.00,1.10
126,5.19,-0.03,-0.03,0.04,-0.07,0.08,0.11,0.02,0.01,0.03,0.00,0.00,0.00,1.08,0.01,1.08
127,5.23,-0.03,-0.02,0.04,-0.05,0.11,0.12,0.02,0.00,0.02,0.00,0.00,0.00,1.08,0.01,1.08
128,5.27,-0.03,-0.02,0.04,0.05,0.09,0.10,0.02,0.00,0.02,0.00,0.00,0.00,1.10,0.01,1.10
129,5.31,-0.02,-0.02,0.03,0.20,0.08,0.22,0.02,0.00,0.02,0.00,0.00,0.00,1.11,0.01,1.11
130,5.35,-0.02,-0.01,0.02,0.25,0.10,0.27,0.02,0.00,0.02,0.00,0.00,0.00,1.12,0.01,1.12
131,5.39,-0.01,-0.01,0.01,0.13,0.16,0.21,0.02,0.00,0.02,0.00,0.00,0.00,1.10,0.02,1.10
132,5.44,-0.00,0.00,0.00,-0.03,0.17,0.17,0.02,0.00,0.02,0.00,0.00,0.00,1.09,0.02,1.09
133,5.48,-0.01,0.01,0.01,-0.32,0.06,0.33,0.02,0.00,0.02,0.00,0.00,0.00,1.05,0.01,1.05
134,5.52,-0.03,0.01,0.04,-0.81,0.03,0.81,0.02,0.00,0.02,0.00,0.00,0.00,1.00,0.00,1.00
135,5.56,-0.08,0.01,0.08,-1.39,0.17,1.40,0.02,0.00,0.02,0.00,0.00,0.00,0.94,0.02,0.94
136,5.60,-0.15,0.02,0.15,-2.07,0.39,2.11,0.01,0.00,0.01,0.00,0.00,0.00,0.86,0.04,0.86
137,5.64,-0.25,0.04,0.26,-2.80,0.50,2.84,0.01,0.00,0.01,0.00,0.00,0.00,0.78,0.06,0.78
138,5.69,-0.38,0.06,0.39,-3.29,0.49,3.32,-0.01,0.01,0.01,0.00,0.00,0.00,0.73,0.05,0.73
139,5.73,-0.52,0.08,0.53,-3.26,0.48,3.29,-0.02,0.01,0.03,0.00,0.00,0.00,0.73,0.05,0.73
140,5.77,-0.64,0.10,0.65,-2.67,0.57,2.73,-0.05,0.01,0.05,0.00,0.01,0.01,0.79,0.06,0.80
141,5.81,-0.74,0.13,0.75,-1.62,0.70,1.76,-0.08,0.02,0.08,0.00,0.01,0.01,0.91,0.08,0.91
142,5.85,-0.78,0.16,0.79,-0.40,0.72,0.82,-0.11,0.02,0.12,0.00,0.01,0.01,1.05,0.08,1.05
143,5.89,-0.77,0.19,0.79,0.60,0.53,0.80,-0.15,0.03,0.15,0.00,0.01,0.01,1.16,0.06,1.16
144,5.94,-0.73,0.20,0.76,1.32,0.24,1.34,-0.18,0.04,0.18,0.00,0.01,0.01,1.24,0.03,1.24
145,5.98,-0.67,0.21,0.70,1.72,-0.08,1.72,-0.21,0.05,0.22,0.00,0.00,0.00,1.28,0.00,1.28
146,6.02,-0.60,0.20,0.63,1.65,-0.39,1.69,-0.24,0.06,0.24,0.00,0.00,0.00,1.27,0.00,1.27
147,6.06,-0.53,0.18,0.56,1.26,-0.55,1.38,-0.26,0.07,0.27,0.00,0.00,0.00,1.23,0.00,1.23
148,6.10,-0.49,0.15,0.51,0.84,-0.55,1.00,-0.28,0.07,0.29,0.00,0.00,0.00,1.18,0.00,1.18
149,6.14,-0.46,0.13,0.48,0.67,-0.58,0.89,-0.30,0.08,0.31,0.00,0.00,0.00,1.17,0.00,1.17
150,6.19,-0.42,0.10,0.44,1.16,-0.67,1.34,-0.32,0.08,0.33,0.00,0.00,0.00,1.22,0.00,1.22
151,6.23,-0.36,0.07,0.36,2.15,-0.93,2.34,-0.34,0.09,0.35,0.00,0.00,0.00,1.33,0.00,1.33
152,6.27,-0.25,0.03,0.25,3.11,-1.15,3.32,-0.35,0.09,0.36,0.00,0.00,0.00,1.44,0.00,1.44
153,6.31,-0.10,-0.02,0.11,3.61,-1.03,3.76,-0.36,0.09,0.37,0.00,0.00,0.00,1.49,0.00,1.49
154,6.35,0.05,-0.06,0.07,3.44,-0.69,3.51,-0.36,0.09,0.37,0.07,0.00,0.07,1.47,0.00,1.47
155,6.39,0.17,-0.08,0.19,2.70,-0.35,2.73,-0.35,0.08,0.36,0.24,0.00,0.24,1.39,0.00,1.39
156,6.44,0.27,-0.09,0.28,1.76,-0.12,1.76,-0.34,0.08,0.35,0.34,0.00,0.34,1.29,0.00,1.29
157,6.48,0.32,-0.09,0.34,0.94,-0.14,0.95,-0.33,0.08,0.34,0.39,0.00,0.39,1.19,0.00,1.19
158,6.52,0.35,-0.10,0.36,0.39,-0.16,0.42,-0.31,0.07,0.32,0.40,0.00,0.40,1.13,0.00,1.13
159,6.56,0.35,-0.10,0.36,-0.41,0.17,0.44,-0.30,0.07,0.31,0.37,0.00,0.37,1.05,0.02,1.05
160,6.60,0.32,-0.09,0.33,-1.15,0.35,1.21,-0.28,0.06,0.29,0.31,0.00,0.31,0.96,0.04,0.96
161,6.64,0.28,-0.08,0.29,-0.55,-0.05,0.55,-0.27,0.06,0.28,0.29,0.00,0.29,1.03,0.00,1.03
162,6.69,0.28,-0.09,0.29,0.68,-0.41,0.80,-0.26,0.06,0.27,0.32,0.00,0.32,1.17,0.00,1.17
163,6.73,0.32,-0.10,0.34,1.31,-0.23,1.33,-0.26,0.06,0.26,0.40,0.00,0.40,1.24,0.00,1.24
164,6.77,0.38,-0.11,0.39,1.04,0.09,1.04,-0.24,0.05,0.24,0.46,0.00,0.46,1.21,0.01,1.21
165,6.81,0.38,-0.11,0.40,-0.88,-0.64,1.09,-0.21,0.04,0.22,0.38,0.00,0.38,0.99,0.00,0.99
166,6.85,0.27,-0.13,0.30,-4.57,-0.07,4.57,-0.20,0.04,0.20,0.16,0.00,0.16,0.58,0.00,0.58
167,6.89,0.04,-0.07,0.08,-6.49,4.13,7.69,-0.19,0.04,0.19,0.01,0.00,0.01,0.37,0.46,0.59
168,6.94,-0.19,0.17,0.25,-3.48,7.07,7.87,-0.19,0.02,0.19,0.00,0.13,0.13,0.70,0.79,1.05
169,6.98,-0.25,0.47,0.54,1.12,6.03,6.13,-0.21,0.03,0.21,0.00,0.32,0.32,1.21,0.67,1.39
170,7.02,-0.09,0.62,0.63,5.60,-0.01,5.60,-0.24,0.08,0.25,0.00,0.00,0.00,1.71,0.00,1.71
171,7.06,0.24,0.39,0.46,9.90,-10,14,-0.22,0.12,0.25,0.53,0.00,0.53,2.19,0.00,2.19
172,7.10,0.63,-0.16,0.65,8.75,-14,16,-0.21,0.13,0.24,1.30,0.00,1.30,2.06,0.00,2.06
173,7.14,0.89,-0.65,1.10,3.35,-7.57,8.27,-0.18,0.11,0.21,1.31,0.00,1.31,1.46,0.00,1.46
174,7.19,0.96,-0.79,1.24,-0.87,0.72,1.12,-0.12,0.04,0.13,0.95,0.00,0.95,0.99,0.08,1.00
175,7.23,0.82,-0.61,1.02,-4.57,6.53,7.97,-0.07,0.00,0.07,0.48,0.00,0.48,0.58,0.73,0.93
176,7.27,0.60,-0.30,0.67,-5.36,7.31,9.07,-0.05,-0.00,0.05,0.30,0.00,0.30,0.49,0.81,0.95
177,7.31,0.45,-0.10,0.46,-2.15,2.93,3.63,-0.04,-0.01,0.04,0.38,0.00,0.38,0.85,0.33,0.91
178,7.35,0.40,-0.04,0.40,-0.45,0.14,0.47,-0.02,-0.01,0.02,0.42,0.00,0.42,1.04,0.02,1.04
179,7.39,0.37,-0.04,0.37,-0.97,-0.16,0.98,-0.00,-0.01,0.01,0.37,0.00,0.37,0.98,0.00,0.98
180,7.44,0.32,-0.05,0.32,-1.59,-0.32,1.63,0.01,-0.01,0.02,0.29,0.00,0.29,0.91,0.00,0.91
181,7.48,0.24,-0.06,0.25,-2.25,-0.15,2.25,0.03,-0.01,0.03,0.20,0.00,0.20,0.84,0.00,0.84
182,7.52,0.14,-0.07,0.15,-2.53,0.11,2.53,0.03,-0.02,0.04,0.11,0.00,0.11,0.81,0.01,0.81
183,7.56,0.04,-0.06,0.07,-2.14,0.27,2.16,0.04,-0.02,0.04,0.03,0.00,0.03,0.85,0.03,0.85
184,7.60,-0.03,-0.05,0.06,-1.27,0.20,1.29,0.04,-0.02,0.04,0.00,0.00,0.00,0.95,0.02,0.95
185,7.64,-0.07,-0.04,0.08,-0.30,-0.07,0.30,0.03,-0.02,0.04,0.00,0.00,0.00,1.06,0.00,1.06
186,7.69,-0.06,-0.05,0.08,0.26,-0.21,0.33,0.03,-0.02,0.04,0.00,0.00,0.00,1.12,0.00,1.12
187,7.73,-0.05,-0.06,0.08,0.23,-0.09,0.25,0.03,-0.03,0.04,0.00,0.00,0.00,1.12,0.00,1.12
188,7.77,-0.05,-0.06,0.07,-0.03,0.10,0.11,0.02,-0.03,0.04,0.00,0.00,0.00,1.09,0.01,1.09
189,7.81,-0.05,-0.05,0.07,-0.16,0.27,0.32,0.02,-0.03,0.04,0.00,0.00,0.00,1.07,0.03,1.07
190,7.85,-0.06,-0.04,0.07,0.06,0.30,0.30,0.02,-0.03,0.04,0.00,0.00,0.00,1.10,0.03,1.10
191,7.89,-0.05,-0.03,0.05,0.35,0.17,0.39,0.02,-0.03,0.04,0.00,0.00,0.00,1.13,0.02,1.13
192,7.94,-0.03,-0.02,0.04,0.34,0.07,0.35,0.01,-0.03,0.04,0.00,0.00,0.00,1.13,0.01,1.13
193,7.98,-0.02,-0.02,0.03,0.13,0.12,0.18,0.02,-0.04,0.04,0.00,0.00,0.00,1.10,0.01,1.10
194,8.02,-0.02,-0.01,0.02,0.00,0.24,0.24,0.01,-0.04,0.04,0.00,0.00,0.00,1.09,0.03,1.09
195,8.06,-0.02,0.00,0.02,0.07,0.28,0.29,0.01,-0.04,0.04,0.00,0.00,0.00,1.10,0.03,1.10
196,8.10,-0.01,0.01,0.02,0.12,0.18,0.21,0.01,-0.04,0.04,0.00,0.00,0.00,1.10,0.02,1.10
197,8.14,-0.01,0.02,0.02,0.01,0.05,0.05,0.01,-0.04,0.04,0.00,0.00,0.00,1.09,0.01,1.09
198,8.19,-0.01,0.02,0.02,-0.12,0.09,0.15,0.01,-0.03,0.04,0.00,0.00,0.00,1.08,0.01,1.08
199,8.23,-0.02,0.03,0.03,-0.12,0.27,0.30,0.01,-0.03,0.04,0.00,0.00,0.00,1.08,0.03,1.08
200,8.27,-0.02,0.04,0.05,-0.02,0.36,0.36,0.01,-0.03,0.03,0.00,0.00,0.00,1.09,0.04,1.09
201,8.31,-0.02,0.05,0.06,0.06,0.27,0.28,0.01,-0.03,0.03,0.00,0.00,0.00,1.10,0.03,1.10
202,8.35,-0.02,0.06,0.07,-0.16,0.15,0.22,0.01,-0.03,0.03,0.00,0.00,0.00,1.07,0.02,1.07
203,8.39,-0.04,0.07,0.08,-0.78,0.15,0.79,0.01,-0.03,0.03,0.00,0.00,0.00,1.00,0.02,1.00
204,8.44,-0.09,0.08,0.12,-1.68,0.27,1.70,0.01,-0.02,0.02,0.00,0.00,0.00,0.90,0.03,0.90
205,8.48,-0.18,0.09,0.20,-2.70,0.40,2.73,0.00,-0.02,0.02,0.00,0.00,0.00,0.79,0.04,0.79
206,8.52,-0.31,0.11,0.33,-3.52,0.50,3.56,-0.01,-0.02,0.02,0.00,0.01,0.01,0.70,0.06,0.70
207,8.56,-0.46,0.13,0.48,-3.62,0.61,3.67,-0.02,-0.01,0.02,0.00,0.01,0.01,0.69,0.07,0.69
208,8.60,-0.60,0.16,0.62,-2.84,0.73,2.93,-0.05,-0.01,0.05,0.00,0.01,0.01,0.77,0.08,0.78
209,8.64,-0.70,0.19,0.72,-1.63,0.79,1.81,-0.08,0.00,0.08,0.00,0.02,0.02,0.91,0.09,0.91
210,8.69,-0.74,0.22,0.77,-0.42,0.65,0.77,-0.11,0.01,0.11,0.00,0.02,0.02,1.04,0.07,1.05
211,8.73,-0.73,0.24,0.77,0.51,0.35,0.62,-0.14,0.02,0.14,0.00,0.01,0.01,1.15,0.04,1.15
212,8.77,-0.70,0.25,0.75,1.01,0.08,1.01,-0.17,0.03,0.17,0.00,0.00,0.00,1.20,0.01,1.20
213,8.81,-0.65,0.25,0.70,1.26,-0.17,1.27,-0.20,0.04,0.20,0.00,0.00,0.00,1.23,0.00,1.23
214,8.85,-0.60,0.24,0.64,1.34,-0.38,1.39,-0.22,0.05,0.23,0.00,0.00,0.00,1.24,0.00,1.24
215,8.89,-0.55,0.22,0.59,1.17,-0.47,1.26,-0.25,0.06,0.26,0.00,0.00,0.00,1.22,0.00,1.22
216,8.94,-0.50,0.20,0.54,0.89,-0.55,1.04,-0.27,0.07,0.28,0.00,0.00,0.00,1.19,0.00,1.19
217,8.98,-0.47,0.17,0.50,0.81,-0.63,1.03,-0.29,0.08,0.30,0.00,0.00,0.00,1.18,0.00,1.18
218,9.02,-0.43,0.15,0.45,1.13,-0.67,1.32,-0.31,0.09,0.32,0.00,0.00,0.00,1.22,0.00,1.22
219,9.06,-0.37,0.12,0.39,1.69,-0.75,1.84,-0.33,0.09,0.34,0.00,0.00,0.00,1.28,0.00,1.28
220,9.10,-0.29,0.08,0.30,2.33,-0.83,2.47,-0.34,0.10,0.35,0.00,0.00,0.00,1.35,0.00,1.35
221,9.14,-0.18,0.05,0.19,2.86,-0.83,2.97,-0.35,0.10,0.37,0.00,0.00,0.00,1.41,0.00,1.41
222,9.19,-0.06,0.02,0.06,2.93,-0.77,3.03,-0.36,0.10,0.37,0.00,0.00,0.00,1.42,0.00,1.42
223,9.23,0.06,-0.01,0.06,2.63,-0.64,2.71,-0.36,0.10,0.37,0.08,0.00,0.08,1.38,0.00,1.38
224,9.27,0.16,-0.04,0.16,2.14,-0.44,2.18,-0.35,0.10,0.36,0.21,0.00,0.21,1.33,0.00,1.33
225,9.31,0.23,-0.05,0.24,1.50,-0.32,1.53,-0.34,0.10,0.36,0.30,0.00,0.30,1.26,0.00,1.26
226,9.35,0.29,-0.06,0.29,0.93,-0.27,0.97,-0.33,0.10,0.34,0.34,0.00,0.34,1.19,0.00,1.19
227,9.39,0.32,-0.07,0.32,0.53,-0.17,0.56,-0.32,0.09,0.33,0.36,0.00,0.36,1.15,0.00,1.15
228,9.44,0.33,-0.08,0.34,0.21,-0.03,0.21,-0.30,0.09,0.32,0.37,0.00,0.37,1.11,0.00,1.11
229,9.48,0.33,-0.07,0.34,-0.04,0.12,0.12,-0.29,0.09,0.30,0.36,0.00,0.36,1.09,0.01,1.09
230,9.52,0.33,-0.07,0.34,-0.23,0.18,0.30,-0.27,0.08,0.29,0.35,0.00,0.35,1.06,0.02,1.06
231,9.56,0.32,-0.06,0.32,-0.36,0.06,0.37,-0.26,0.08,0.27,0.33,0.00,0.33,1.05,0.01,1.05
232,9.60,0.30,-0.06,0.31,-0.41,-0.04,0.41,-0.25,0.08,0.26,0.31,0.00,0.31,1.04,0.00,1.04
233,9.64,0.28,-0.06,0.29,-0.39,0.06,0.39,-0.24,0.08,0.25,0.30,0.00,0.30,1.05,0.01,1.05
234,9.69,0.27,-0.06,0.27,-0.36,0.17,0.40,-0.22,0.07,0.24,0.28,0.00,0.28,1.05,0.02,1.05
235,9.73,0.25,-0.05,0.26,-0.41,0.14,0.44,-0.21,0.07,0.22,0.26,0.00,0.26,1.04,0.02,1.04
236,9.77,0.23,-0.05,0.24,-0.45,0.01,0.45,-0.20,0.07,0.21,0.24,0.00,0.24,1.04,0.00,1.04
237,9.81,0.22,-0.05,0.22,-0.38,-0.11,0.40,-0.19,0.07,0.21,0.23,0.00,0.23,1.05,0.00,1.05
238,9.85,0.20,-0.06,0.21,-0.24,-0.19,0.30,-0.19,0.06,0.20,0.22,0.00,0.22,1.06,0.00,1.06
239,9.89,0.20,-0.06,0.21,-0.12,-0.22,0.25,-0.18,0.06,0.19,0.21,0.00,0.21,1.08,0.00,1.08
240,9.94,0.19,-0.07,0.21,-0.07,-0.26,0.27,-0.17,0.06,0.18,0.21,0.00,0.21,1.08,0.00,1.08
241,9.98,0.19,-0.09,0.21,-0.01,-0.28,0.28,-0.16,0.06,0.17,0.21,0.00,0.21,1.09,0.00,1.09
242,10,0.19,-0.10,0.21,0.09,-0.13,0.16,-0.15,0.05,0.16,0.21,0.00,0.21,1.10,0.00,1.10
243,10,0.20,-0.10,0.22,0.13,0.05,0.14,-0.15,0.05,0.15,0.22,0.00,0.22,1.10,0.01,1.10
244,10,0.20,-0.09,0.22,0.10,0.05,0.11,-0.14,0.04,0.14,0.22,0.00,0.22,1.10,0.01,1.10
245,10,0.20,-0.09,0.22,0.06,-0.02,0.07,-0.13,0.04,0.13,0.22,0.00,0.22,1.10,0.00,1.10
246,10,0.21,-0.10,0.23,0.06,-0.10,0.11,-0.12,0.04,0.13,0.23,0.00,0.23,1.10,0.00,1.10
247,10,0.21,-0.10,0.24,0.23,-0.11,0.26,-0.11,0.03,0.12,0.24,0.00,0.24,1.12,0.00,1.12
248,10,0.23,-0.10,0.25,0.47,0.03,0.47,-0.10,0.03,0.11,0.26,0.00,0.26,1.14,0.00,1.14
249,10,0.25,-0.10,0.27,0.58,0.12,0.60,-0.09,0.02,0.10,0.29,0.00,0.29,1.16,0.01,1.16
250,10,0.28,-0.09,0.29,0.65,0.12,0.66,-0.08,0.02,0.08,0.32,0.00,0.32,1.16,0.01,1.16
251,10,0.30,-0.09,0.31,0.58,0.21,0.62,-0.07,0.02,0.07,0.35,0.00,0.35,1.15,0.02,1.15
252,10,0.32,-0.08,0.33,0.39,0.27,0.48,-0.06,0.01,0.06,0.37,0.00,0.37,1.13,0.03,1.13
253,10,0.34,-0.06,0.34,0.23,0.32,0.39,-0.04,0.01,0.04,0.37,0.00,0.37,1.12,0.04,1.12
254,10,0.34,-0.05,0.34,-0.07,0.36,0.37,-0.03,0.01,0.03,0.37,0.00,0.37,1.08,0.04,1.08
255,10,0.32,-0.04,0.33,-0.61,0.24,0.66,-0.01,0.00,0.02,0.33,0.00,0.33,1.02,0.03,1.02
256,10,0.29,-0.03,0.29,-1.30,0.10,1.30,-0.00,0.00,0.00,0.27,0.00,0.27,0.95,0.01,0.95
257,10,0.22,-0.03,0.22,-1.98,0.08,1.98,0.01,0.00,0.01,0.19,0.00,0.19,0.87,0.01,0.87
258,10,0.13,-0.02,0.13,-2.30,0.07,2.30,0.02,0.00,0.02,0.11,0.00,0.11,0.83,0.01,0.83
259,10,0.04,-0.02,0.04,-1.85,0.02,1.85,0.02,-0.00,0.02,0.03,0.00,0.03,0.88,0.00,0.88
260,10,-0.02,-0.02,0.03,-0.89,-0.05,0.89,0.02,-0.00,0.02,0.00,0.00,0.00,0.99,0.00,0.99
261,10,-0.04,-0.03,0.05,-0.03,-0.13,0.13,0.02,-0.00,0.02,0.00,0.00,0.00,1.09,0.00,1.09
262,10,-0.03,-0.03,0.04,0.39,-0.11,0.41,0.02,-0.00,0.02,0.00,0.00,0.00,1.13,0.00,1.13
263,10,-0.01,-0.03,0.04,0.32,0.01,0.32,0.02,-0.00,0.02,0.00,0.00,0.00,1.13,0.00,1.13
264,10,-0.01,-0.03,0.03,-0.06,0.08,0.10,0.02,-0.01,0.02,0.00,0.00,0.00,1.08,0.01,1.08
265,10,-0.02,-0.03,0.03,-0.30,0.05,0.31,0.02,-0.01,0.02,0.00,0.00,0.00,1.06,0.01,1.06
266,11,-0.03,-0.03,0.04,-0.23,-0.03,0.23,0.01,-0.01,0.02,0.00,0.00,0.00,1.06,0.00,1.06
267,11,-0.03,-0.03,0.05,-0.05,-0.04,0.07,0.01,-0.01,0.02,0.00,0.00,0.00,1.08,0.00,1.08
268,11,-0.03,-0.03,0.04,0.16,0.07,0.17,0.01,-0.01,0.02,0.00,0.00,0.00,1.11,0.01,1.11
269,11,-0.02,-0.02,0.03,0.34,0.20,0.39,0.01,-0.01,0.02,0.00,0.00,0.00,1.13,0.02,1.13
270,11,-0.01,-0.01,0.02,0.32,0.31,0.44,0.01,-0.01,0.02,0.00,0.00,0.00,1.13,0.03,1.13
271,11,0.00,0.00,0.00,0.17,0.36,0.40,0.01,-0.01,0.02,0.00,0.00,0.00,1.11,0.04,1.11
272,11,0.01,0.01,0.02,0.02,0.26,0.26,0.01,-0.01,0.02,0.01,0.00,0.01,1.09,0.03,1.09
273,11,0.00,0.02,0.02,-0.19,0.12,0.23,0.01,-0.01,0.02,0.00,0.00,0.00,1.07,0.01,1.07
274,11,-0.01,0.03,0.03,-0.25,0.06,0.26,0.01,-0.01,0.01,0.00,0.00,0.00,1.06,0.01,1.06
275,11,-0.01,0.03,0.03,-0.14,-0.01,0.14,0.01,-0.01,0.01,0.00,0.00,0.00,1.08,0.00,1.08
276,11,-0.02,0.03,0.03,-0.23,-0.03,0.23,0.01,-0.01,0.01,0.00,0.00,0.00,1.06,0.00,1.06
277,11,-0.04,0.03,0.05,-0.67,0.06,0.67,0.01,-0.01,0.01,0.00,0.00,0.00,1.02,0.01,1.02
278,11,-0.08,0.03,0.09,-1.51,0.12,1.52,0.01,-0.01,0.01,0.00,0.00,0.00,0.92,0.01,0.92
279,11,-0.17,0.04,0.17,-2.60,0.24,2.61,0.00,-0.01,0.01,0.00,0.00,0.00,0.80,0.03,0.80
280,11,-0.29,0.05,0.30,-3.34,0.42,3.37,-0.00,-0.00,0.01,0.00,0.00,0.00,0.72,0.05,0.72
281,11,-0.44,0.07,0.44,-3.41,0.49,3.44,-0.02,-0.00,0.02,0.00,0.00,0.00,0.71,0.05,0.71
282,11,-0.57,0.09,0.58,-2.82,0.42,2.85,-0.04,0.00,0.04,0.00,0.00,0.00,0.78,0.05,0.78
283,11,-0.66,0.10,0.67,-1.73,0.31,1.75,-0.07,0.01,0.07,0.00,0.00,0.00,0.90,0.03,0.90
284,11,-0.71,0.12,0.72,-0.65,0.22,0.68,-0.10,0.01,0.10,0.00,0.00,0.00,1.02,0.02,1.02
285,11,-0.72,0.12,0.73,0.13,0.17,0.22,-0.13,0.02,0.13,0.00,0.00,0.00,1.10,0.02,1.11
286,11,-0.70,0.13,0.72,0.68,0.10,0.69,-0.16,0.02,0.16,0.00,0.00,0.00,1.17,0.01,1.17
287,11,-0.67,0.13,0.68,0.98,-0.00,0.98,-0.19,0.03,0.19,0.00,0.00,0.00,1.20,0.00,1.20
288,11,-0.63,0.13,0.64,1.09,-0.10,1.10,-0.22,0.03,0.22,0.00,0.00,0.00,1.21,0.00,1.21
289,11,-0.58,0.12,0.59,1.18,-0.13,1.18,-0.24,0.04,0.25,0.00,0.00,0.00,1.22,0.00,1.22
290,12,-0.53,0.12,0.54,1.24,-0.04,1.24,-0.27,0.04,0.27,0.00,0.00,0.00,1.23,0.00,1.23
291,12,-0.48,0.12,0.49,1.24,0.03,1.24,-0.29,0.05,0.29,0.00,0.00,0.00,1.23,0.00,1.23
292,12,-0.42,0.12,0.44,1.22,-0.02,1.22,-0.31,0.05,0.31,0.00,0.00,0.00,1.23,0.00,1.23
293,12,-0.37,0.12,0.39,1.23,-0.14,1.24,-0.32,0.06,0.33,0.00,0.00,0.00,1.23,0.00,1.23
294,12,-0.32,0.11,0.34,1.39,-0.31,1.43,-0.34,0.06,0.34,0.00,0.00,0.00,1.24,0.00,1.24
295,12,-0.26,0.09,0.27,1.74,-0.49,1.81,-0.35,0.07,0.36,0.00,0.00,0.00,1.28,0.00,1.28
296,12,-0.18,0.07,0.19,2.11,-0.56,2.18,-0.36,0.07,0.37,0.00,0.00,0.00,1.32,0.00,1.32
297,12,-0.08,0.05,0.09,2.31,-0.51,2.36,-0.37,0.07,0.37,0.00,0.00,0.00,1.35,0.00,1.35
298,12,0.01,0.03,0.03,2.32,-0.46,2.37,-0.37,0.07,0.37,0.02,0.00,0.02,1.35,0.00,1.35
299,12,0.11,0.01,0.11,2.17,-0.40,2.20,-0.36,0.07,0.37,0.14,0.00,0.14,1.33,0.00,1.33
300,12,0.19,-0.01,0.19,1.73,-0.33,1.76,-0.36,0.08,0.37,0.24,0.00,0.24,1.28,0.00,1.28
301,12,0.25,-0.02,0.25,1.03,-0.21,1.06,-0.35,0.07,0.35,0.30,0.00,0.30,1.21,0.00,1.21
302,12,0.28,-0.02,0.28,0.33,-0.07,0.34,-0.33,0.07,0.34,0.31,0.00,0.31,1.13,0.00,1.13
303,12,0.28,-0.02,0.28,-0.09,0.00,0.09,-0.32,0.07,0.33,0.30,0.00,0.30,1.08,0.00,1.08
304,12,0.27,-0.02,0.27,-0.22,-0.02,0.22,-0.31,0.07,0.32,0.29,0.00,0.29,1.07,0.00,1.07
305,12,0.26,-0.03,0.26,-0.28,-0.02,0.28,-0.30,0.07,0.31,0.28,0.00,0.28,1.06,0.00,1.06
306,12,0.25,-0.03,0.25,-0.41,0.03,0.41,-0.29,0.07,0.30,0.26,0.00,0.26,1.04,0.00,1.04
307,12,0.23,-0.02,0.23,-0.50,0.03,0.50,-0.28,0.07,0.29,0.24,0.00,0.24,1.03,0.00,1.03
308,12,0.21,-0.02,0.21,-0.40,-0.03,0.41,-0.27,0.07,0.28,0.22,0.00,0.22,1.05,0.00,1.05
309,12,0.20,-0.03,0.20,-0.24,-0.12,0.27,-0.26,0.07,0.27,0.21,0.00,0.21,1.06,0.00,1.06
310,12,0.19,-0.03,0.19,-0.20,-0.14,0.25,-0.25,0.06,0.26,0.20,0.00,0.20,1.07,0.00,1.07
311,12,0.18,-0.04,0.18,-0.24,-0.09,0.26,-0.25,0.06,0.25,0.19,0.00,0.19,1.06,0.00,1.06
312,12,0.17,-0.04,0.17,-0.26,-0.04,0.27,-0.24,0.06,0.25,0.18,0.00,0.18,1.06,0.00,1.06
313,12,0.16,-0.04,0.16,-0.19,-0.03,0.19,-0.23,0.06,0.24,0.17,0.00,0.17,1.07,0.00,1.07
314,13,0.15,-0.04,0.16,-0.04,-0.03,0.05,-0.23,0.06,0.23,0.17,0.00,0.17,1.09,0.00,1.09
315,13,0.15,-0.04,0.16,0.04,-0.04,0.06,-0.22,0.06,0.23,0.17,0.00,0.17,1.09,0.00,1.09
316,13,0.15,-0.05,0.16,-0.02,-0.04,0.04,-0.21,0.05,0.22,0.17,0.00,0.17,1.09,0.00,1.09
317,13,0.15,-0.05,0.16,-0.18,-0.02,0.18,-0.21,0.05,0.21,0.16,0.00,0.16,1.07,0.00,1.07
318,13,0.14,-0.05,0.15,-0.32,-0.03,0.32,-0.20,0.05,0.21,0.15,0.00,0.15,1.05,0.00,1.05
319,13,0.13,-0.05,0.14,-0.34,-0.02,0.34,-0.19,0.05,0.20,0.13,0.00,0.13,1.05,0.00,1.05
320,13,0.11,-0.05,0.12,-0.18,0.05,0.19,-0.19,0.05,0.19,0.12,0.00,0.12,1.07,0.01,1.07
321,13,0.11,-0.05,0.12,0.07,0.10,0.12,-0.19,0.04,0.19,0.12,0.00,0.12,1.10,0.01,1.10
322,13,0.12,-0.04,0.12,0.17,0.13,0.21,-0.18,0.04,0.19,0.13,0.00,0.13,1.11,0.01,1.11
323,13,0.12,-0.04,0.13,0.09,0.09,0.13,-0.17,0.04,0.18,0.14,0.00,0.14,1.10,0.01,1.10
324,13,0.13,-0.03,0.13,0.04,0.01,0.04,-0.17,0.04,0.17,0.14,0.00,0.14,1.09,0.00,1.09
325,13,0.13,-0.03,0.13,0.05,-0.02,0.06,-0.16,0.04,0.17,0.14,0.00,0.14,1.10,0.00,1.10
326,13,0.13,-0.03,0.14,0.07,-0.02,0.08,-0.16,0.04,0.16,0.14,0.00,0.14,1.10,0.00,1.10
327,13,0.13,-0.03,0.14,0.07,0.05,0.09,-0.15,0.04,0.16,0.15,0.00,0.15,1.10,0.01,1.10
328,13,0.14,-0.03,0.14,0.02,0.15,0.16,-0.15,0.03,0.15,0.15,0.00,0.15,1.09,0.02,1.09
329,13,0.14,-0.02,0.14,-0.00,0.08,0.08,-0.14,0.03,0.15,0.15,0.00,0.15,1.09,0.01,1.09
330,13,0.14,-0.02,0.14,0.01,-0.08,0.08,-0.14,0.03,0.14,0.15,0.00,0.15,1.09,0.00,1.09
331,13,0.14,-0.03,0.14,-0.06,-0.16,0.17,-0.13,0.03,0.13,0.15,0.00,0.15,1.08,0.00,1.08
332,13,0.13,-0.04,0.14,-0.18,-0.11,0.21,-0.12,0.03,0.13,0.14,0.00,0.14,1.07,0.00,1.07
333,13,0.12,-0.04,0.13,-0.20,0.04,0.20,-0.12,0.03,0.12,0.13,0.00,0.13,1.07,0.00,1.07
334,13,0.12,-0.03,0.12,-0.10,0.12,0.16,-0.11,0.03,0.12,0.12,0.00,0.12,1.08,0.01,1.08
335,13,0.11,-0.03,0.12,0.02,0.03,0.04,-0.11,0.02,0.11,0.12,0.00,0.12,1.09,0.00,1.09
336,13,0.12,-0.03,0.12,0.10,-0.07,0.12,-0.11,0.02,0.11,0.13,0.00,0.13,1.10,0.00,1.10
337,13,0.12,-0.03,0.13,0.13,-0.00,0.13,-0.10,0.02,0.10,0.13,0.00,0.13,1.10,0.00,1.10
338,14,0.13,-0.03,0.13,0.16,0.14,0.21,-0.10,0.02,0.10,0.14,0.00,0.14,1.11,0.02,1.11
339,14,0.13,-0.03,0.14,0.20,0.08,0.21,-0.09,0.02,0.09,0.15,0.00,0.15,1.11,0.01,1.11
340,14,0.14,-0.03,0.15,0.29,-0.18,0.34,-0.08,0.02,0.09,0.16,0.00,0.16,1.12,0.00,1.12
341,14,0.16,-0.04,0.16,0.42,-0.39,0.57,-0.08,0.02,0.08,0.18,0.00,0.18,1.14,0.00,1.14
342,14,0.18,-0.06,0.19,0.49,-0.38,0.62,-0.07,0.02,0.07,0.20,0.00,0.20,1.14,0.00,1.14
343,14,0.20,-0.07,0.21,0.47,-0.16,0.50,-0.06,0.01,0.06,0.23,0.00,0.23,1.14,0.00,1.14
344,14,0.22,-0.07,0.23,0.30,0.13,0.33,-0.05,0.01,0.06,0.24,0.00,0.24,1.12,0.01,1.12
345,14,0.22,-0.06,0.23,-0.07,0.27,0.28,-0.05,0.01,0.05,0.24,0.00,0.24,1.08,0.03,1.08
346,14,0.21,-0.05,0.22,-0.36,0.22,0.42,-0.04,0.00,0.04,0.22,0.00,0.22,1.05,0.02,1.05
347,14,0.19,-0.04,0.20,-0.47,0.12,0.48,-0.03,0.00,0.03,0.20,0.00,0.20,1.04,0.01,1.04
348,14,0.17,-0.04,0.18,-0.52,0.06,0.52,-0.02,0.00,0.02,0.18,0.00,0.18,1.03,0.01,1.03
349,14,0.15,-0.04,0.16,-0.54,-0.02,0.54,-0.01,-0.00,0.01,0.16,0.00,0.16,1.03,0.00,1.03
350,14,0.13,-0.04,0.13,-0.56,-0.11,0.57,-0.01,-0.00,0.01,0.13,0.00,0.13,1.03,0.00,1.03
351,14,0.10,-0.05,0.11,-0.55,-0.18,0.58,-0.00,-0.00,0.00,0.11,0.00,0.11,1.03,0.00,1.03
352,14,0.08,-0.05,0.10,-0.46,-0.23,0.51,0.00,-0.01,0.01,0.09,0.00,0.09,1.04,0.00,1.04
353,14,0.07,-0.06,0.09,-0.33,-0.17,0.37,0.00,-0.01,0.01,0.07,0.00,0.07,1.05,0.00,1.05
354,14,0.06,-0.07,0.09,-0.23,0.01,0.23,0.01,-0.01,0.01,0.06,0.00,0.06,1.06,0.00,1.06
355,14,0.05,-0.06,0.08,-0.18,0.19,0.26,0.01,-0.01,0.02,0.05,0.00,0.05,1.07,0.02,1.07
356,14,0.04,-0.05,0.06,-0.17,0.35,0.39,0.01,-0.02,0.02,0.04,0.00,0.04,1.07,0.04,1.07
357,14,0.03,-0.03,0.05,-0.21,0.49,0.53,0.01,-0.02,0.02,0.03,0.00,0.03,1.07,0.05,1.07
358,14,0.02,-0.01,0.02,-0.40,0.52,0.66,0.01,-0.02,0.02,0.02,0.00,0.02,1.05,0.06,1.05
359,14,-0.00,0.01,0.01,-0.57,0.39,0.69,0.01,-0.02,0.02,0.00,0.00,0.00,1.03,0.04,1.03
360,14,-0.02,0.02,0.03,-0.41,0.13,0.43,0.01,-0.02,0.02,0.00,0.00,0.00,1.04,0.01,1.04
361,14,-0.03,0.02,0.04,-0.06,-0.05,0.08,0.01,-0.02,0.02,0.00,0.00,0.00,1.08,0.00,1.08
362,15,-0.03,0.02,0.03,0.21,-0.05,0.22,0.01,-0.02,0.02,0.00,0.00,0.00,1.11,0.00,1.11
363,15,-0.02,0.02,0.02,0.35,-0.02,0.35,0.01,-0.02,0.02,0.00,0.00,0.00,1.13,0.00,1.13
364,15,-0.00,0.02,0.02,0.23,-0.02,0.23,0.01,-0.02,0.02,0.00,0.00,0.00,1.12,0.00,1.12
365,15,0.00,0.01,0.01,0.01,0.01,0.01,0.01,-0.01,0.02,0.00,0.00,0.00,1.09,0.00,1.09
366,15,0.00,0.02,0.02,-0.00,0.07,0.07,0.01,-0.01,0.02,0.00,0.00,0.00,1.09,0.01,1.09
367,15,0.00,0.02,0.02,0.00,0.11,0.11,0.01,-0.01,0.02,0.00,0.00,0.00,1.09,0.01,1.09
368,15,-0.00,0.02,0.02,-0.13,0.09,0.16,0.01,-0.01,0.02,0.00,0.00,0.00,1.08,0.01,1.08
369,15,-0.01,0.03,0.03,-0.11,-0.02,0.11,0.01,-0.01,0.02,0.00,0.00,0.00,1.08,0.00,1.08
370,15,-0.01,0.02,0.03,0.01,-0.07,0.07,0.01,-0.01,0.01,0.00,0.00,0.00,1.09,0.00,1.09
371,15,-0.01,0.02,0.02,0.14,0.04,0.15,0.01,-0.01,0.01,0.00,0.00,0.00,1.11,0.00,1.11
372,15,0.00,0.03,0.03,0.31,0.06,0.32,0.01,-0.01,0.01,0.00,0.00,0.00,1.13,0.01,1.13
373,15,0.02,0.03,0.03,0.29,-0.05,0.30,0.01,-0.01,0.01,0.02,0.00,0.02,1.12,0.00,1.12
374,15,0.02,0.02,0.03,0.02,-0.09,0.10,0.01,-0.01,0.01,0.03,0.00,0.03,1.09,0.00,1.09
375,15,0.02,0.02,0.03,-0.21,-0.08,0.22,0.01,-0.01,0.01,0.02,0.00,0.02,1.07,0.00,1.07
376,15,0.01,0.02,0.02,-0.30,0.00,0.30,0.01,-0.01,0.01,0.01,0.00,0.01,1.06,0.00,1.06
377,15,-0.01,0.02,0.02,-0.47,0.10,0.48,0.01,-0.00,0.01,0.00,0.00,0.00,1.04,0.01,1.04
378,15,-0.04,0.02,0.04,-1.08,0.12,1.09,0.01,-0.00,0.01,0.00,0.00,0.00,0.97,0.01,0.97
379,15,-0.10,0.03,0.11,-2.14,0.15,2.15,0.01,-0.00,0.01,0.00,0.00,0.00,0.85,0.02,0.85
380,15,-0.21,0.04,0.22,-3.15,0.29,3.16,0.01,-0.00,0.01,0.00,0.00,0.00,0.74,0.03,0.74
381,15,-0.36,0.05,0.36,-3.43,0.47,3.46,-0.00,0.00,0.00,0.00,0.00,0.00,0.71,0.05,0.71
382,15,-0.49,0.08,0.49,-2.65,0.56,2.71,-0.02,0.00,0.02,0.00,0.00,0.00,0.80,0.06,0.80
383,15,-0.57,0.10,0.58,-1.29,0.56,1.41,-0.05,0.01,0.05,0.00,0.01,0.01,0.95,0.06,0.95
384,15,-0.59,0.12,0.61,-0.11,0.52,0.53,-0.07,0.01,0.08,0.00,0.01,0.01,1.08,0.06,1.08
385,15,-0.58,0.14,0.60,0.52,0.48,0.70,-0.10,0.02,0.10,0.00,0.01,0.01,1.15,0.05,1.15
386,16,-0.56,0.16,0.58,0.58,0.50,0.77,-0.12,0.02,0.13,0.00,0.01,0.01,1.16,0.06,1.16
387,16,-0.54,0.18,0.57,0.43,0.46,0.63,-0.15,0.03,0.15,0.00,0.01,0.01,1.14,0.05,1.14
388,16,-0.52,0.20,0.56,0.38,0.26,0.46,-0.17,0.04,0.17,0.00,0.01,0.01,1.13,0.03,1.13
389,16,-0.51,0.21,0.55,0.40,0.07,0.40,-0.19,0.05,0.20,0.00,0.00,0.00,1.13,0.01,1.13
390,16,-0.49,0.21,0.53,0.47,-0.07,0.47,-0.21,0.06,0.22,0.00,0.00,0.00,1.14,0.00,1.14
391,16,-0.47,0.20,0.51,0.54,-0.19,0.57,-0.23,0.06,0.24,0.00,0.00,0.00,1.15,0.00,1.15
392,16,-0.45,0.19,0.48,0.54,-0.24,0.59,-0.25,0.07,0.26,0.00,0.00,0.00,1.15,0.00,1.15
393,16,-0.42,0.18,0.46,0.58,-0.28,0.65,-0.27,0.08,0.28,0.00,0.00,0.00,1.16,0.00,1.16
394,16,-0.40,0.17,0.43,0.69,-0.37,0.78,-0.28,0.09,0.30,0.00,0.00,0.00,1.17,0.00,1.17
395,16,-0.36,0.15,0.39,0.87,-0.48,0.99,-0.30,0.09,0.32,0.00,0.00,0.00,1.19,0.00,1.19
396,16,-0.32,0.13,0.34,1.25,-0.58,1.38,-0.32,0.10,0.33,0.00,0.00,0.00,1.23,0.00,1.23
397,16,-0.26,0.10,0.28,1.78,-0.72,1.92,-0.33,0.11,0.35,0.00,0.00,0.00,1.29,0.00,1.29
398,16,-0.17,0.07,0.18,2.32,-0.79,2.45,-0.34,0.11,0.36,0.00,0.00,0.00,1.35,0.00,1.35
399,16,-0.07,0.04,0.08,2.64,-0.69,2.73,-0.34,0.11,0.36,0.00,0.00,0.00,1.38,0.00,1.38
400,16,0.04,0.01,0.04,2.48,-0.52,2.54,-0.34,0.11,0.36,0.06,0.00,0.06,1.37,0.00,1.37
401,16,0.13,-0.01,0.13,1.92,-0.42,1.96,-0.34,0.11,0.36,0.17,0.00,0.17,1.30,0.00,1.30
402,16,0.20,-0.02,0.20,1.20,-0.40,1.26,-0.33,0.11,0.35,0.24,0.00,0.24,1.22,0.00,1.22
403,16,0.23,-0.04,0.24,0.46,-0.38,0.60,-0.32,0.11,0.34,0.27,0.00,0.27,1.14,0.00,1.14
404,16,0.24,-0.06,0.25,-0.05,-0.37,0.38,-0.31,0.11,0.33,0.26,0.00,0.26,1.08,0.00,1.08
405,16,0.23,-0.07,0.24,-0.25,-0.35,0.43,-0.30,0.10,0.32,0.25,0.00,0.25,1.06,0.00,1.06
406,16,0.22,-0.08,0.24,-0.32,-0.23,0.40,-0.29,0.10,0.31,0.23,0.00,0.23,1.05,0.00,1.05
407,16,0.21,-0.09,0.23,-0.34,-0.06,0.35,-0.28,0.10,0.30,0.22,0.00,0.22,1.05,0.00,1.05
408,16,0.19,-0.09,0.21,-0.35,0.11,0.37,-0.27,0.09,0.29,0.20,0.00,0.20,1.05,0.01,1.05
409,16,0.18,-0.08,0.20,-0.38,0.25,0.46,-0.27,0.09,0.28,0.19,0.00,0.19,1.05,0.03,1.05
410,17,0.16,-0.07,0.18,-0.43,0.28,0.51,-0.26,0.09,0.27,0.17,0.00,0.17,1.04,0.03,1.04
411,17,0.14,-0.06,0.16,-0.40,0.23,0.46,-0.25,0.08,0.27,0.15,0.00,0.15,1.05,0.03,1.05
412,17,0.13,-0.05,0.14,-0.29,0.19,0.35,-0.25,0.08,0.26,0.14,0.00,0.14,1.06,0.02,1.06
413,17,0.12,-0.04,0.13,-0.24,0.10,0.26,-0.24,0.08,0.25,0.13,0.00,0.13,1.06,0.01,1.06
414,17,0.11,-0.04,0.12,-0.18,-0.02,0.19,-0.24,0.08,0.25,0.12,0.00,0.12,1.07,0.00,1.07
415,17,0.10,-0.05,0.11,-0.08,-0.06,0.10,-0.23,0.08,0.25,0.11,0.00,0.11,1.08,0.00,1.08
416,17,0.10,-0.05,0.11,-0.02,-0.01,0.02,-0.23,0.07,0.24,0.11,0.00,0.11,1.09,0.00,1.09
417,17,0.10,-0.05,0.11,0.06,0.07,0.09,-0.22,0.07,0.24,0.11,0.00,0.11,1.10,0.01,1.10
418,17,0.11,-0.04,0.12,0.16,0.08,0.18,-0.22,0.07,0.23,0.12,0.00,0.12,1.11,0.01,1.11
419,17,0.11,-0.04,0.12,0.20,0.07,0.21,-0.22,0.07,0.23,0.13,0.00,0.13,1.11,0.01,1.11
420,17,0.12,-0.04,0.13,0.18,0.10,0.21,-0.21,0.07,0.22,0.14,0.00,0.14,1.11,0.01,1.11
421,17,0.13,-0.03,0.13,0.05,0.14,0.15,-0.21,0.07,0.22,0.14,0.00,0.14,1.10,0.02,1.10
422,17,0.13,-0.03,0.13,-0.18,0.11,0.21,-0.20,0.06,0.21,0.13,0.00,0.13,1.07,0.01,1.07
423,17,0.12,-0.02,0.12,-0.29,0.04,0.29,-0.19,0.06,0.20,0.12,0.00,0.12,1.06,0.00,1.06
424,17,0.10,-0.02,0.11,-0.26,-0.01,0.26,-0.19,0.06,0.20,0.11,0.00,0.11,1.06,0.00,1.06
425,17,0.09,-0.02,0.10,-0.19,-0.05,0.20,-0.19,0.06,0.20,0.10,0.00,0.10,1.07,0.00,1.07
426,17,0.09,-0.03,0.09,-0.10,-0.07,0.13,-0.18,0.06,0.19,0.10,0.00,0.10,1.08,0.00,1.08
427,17,0.08,-0.03,0.09,-0.05,-0.10,0.11,-0.18,0.06,0.19,0.09,0.00,0.09,1.08,0.00,1.08
428,17,0.08,-0.03,0.09,0.03,-0.05,0.05,-0.18,0.06,0.19,0.09,0.00,0.09,1.09,0.00,1.09
429,17,0.09,-0.03,0.09,0.21,0.09,0.23,-0.17,0.06,0.18,0.10,0.00,0.10,1.11,0.01,1.11
430,17,0.10,-0.03,0.10,0.29,0.14,0.32,-0.17,0.06,0.18,0.11,0.00,0.11,1.12,0.02,1.12
431,17,0.11,-0.02,0.11,0.20,0.04,0.21,-0.16,0.05,0.17,0.12,0.00,0.12,1.11,0.00,1.11
432,17,0.12,-0.02,0.12,0.10,-0.10,0.14,-0.16,0.05,0.17,0.13,0.00,0.13,1.10,0.00,1.10
433,17,0.12,-0.03,0.12,0.05,-0.13,0.14,-0.15,0.05,0.16,0.13,0.00,0.13,1.10,0.00,1.10
434,18,0.12,-0.03,0.13,0.08,-0.03,0.09,-0.15,0.05,0.16,0.13,0.00,0.13,1.10,0.00,1.10
435,18,0.13,-0.03,0.13,0.19,0.09,0.21,-0.14,0.05,0.15,0.14,0.00,0.14,1.11,0.01,1.11
436,18,0.14,-0.03,0.14,0.26,0.19,0.32,-0.14,0.05,0.15,0.15,0.00,0.15,1.12,0.02,1.12
437,18,0.15,-0.02,0.15,0.22,0.19,0.29,-0.13,0.05,0.14,0.16,0.00,0.16,1.11,0.02,1.11
438,18,0.15,-0.01,0.15,0.08,0.12,0.15,-0.13,0.05,0.13,0.17,0.00,0.17,1.10,0.01,1.10
439,18,0.15,-0.01,0.15,-0.11,0.03,0.11,-0.12,0.05,0.13,0.17,0.00,0.17,1.08,0.00,1.08
440,18,0.15,-0.01,0.15,-0.18,-0.19,0.26,-0.11,0.05,0.12,0.16,0.00,0.16,1.07,0.00,1.07
441,18,0.14,-0.02,0.14,-0.16,-0.28,0.32,-0.11,0.05,0.12,0.15,0.00,0.15,1.07,0.00,1.07
442,18,0.13,-0.03,0.14,-0.16,-0.08,0.18,-0.10,0.05,0.11,0.14,0.00,0.14,1.07,0.00,1.07
443,18,0.13,-0.03,0.13,-0.18,0.13,0.22,-0.10,0.04,0.10,0.14,0.00,0.14,1.07,0.01,1.07
444,18,0.12,-0.02,0.12,-0.24,0.25,0.35,-0.09,0.04,0.10,0.13,0.00,0.13,1.06,0.03,1.06
445,18,0.11,-0.01,0.11,-0.24,0.15,0.28,-0.09,0.04,0.10,0.11,0.00,0.11,1.06,0.02,1.06
446,18,0.10,-0.01,0.10,-0.01,-0.15,0.15,-0.08,0.04,0.09,0.11,0.00,0.11,1.09,0.00,1.09
447,18,0.11,-0.02,0.11,0.20,-0.39,0.44,-0.08,0.04,0.09,0.12,0.00,0.12,1.11,0.00,1.11
448,18,0.11,-0.04,0.12,0.18,-0.53,0.56,-0.07,0.04,0.08,0.13,0.00,0.13,1.11,0.00,1.11
449,18,0.12,-0.06,0.14,0.05,-0.49,0.49,-0.07,0.04,0.08,0.13,0.00,0.13,1.10,0.00,1.10
450,18,0.12,-0.08,0.14,-0.09,-0.23,0.24,-0.06,0.04,0.07,0.13,0.00,0.13,1.08,0.00,1.08
451,18,0.12,-0.08,0.14,0.02,0.03,0.03,-0.06,0.03,0.07,0.13,0.00,0.13,1.09,0.00,1.09
452,18,0.12,-0.08,0.15,0.42,0.13,0.44,-0.05,0.03,0.06,0.14,0.00,0.14,1.14,0.01,1.14
453,18,0.15,-0.07,0.17,0.70,0.05,0.70,-0.05,0.02,0.06,0.17,0.00,0.17,1.17,0.01,1.17
454,18,0.18,-0.08,0.19,0.71,-0.12,0.72,-0.04,0.02,0.05,0.21,0.00,0.21,1.17,0.00,1.17
455,18,0.20,-0.08,0.22,0.47,-0.07,0.48,-0.03,0.02,0.04,0.23,0.00,0.23,1.14,0.00,1.14
456,18,0.22,-0.08,0.23,0.07,0.16,0.17,-0.02,0.01,0.03,0.24,0.00,0.24,1.10,0.02,1.10
457,18,0.21,-0.07,0.22,-0.25,0.24,0.35,-0.01,0.01,0.02,0.22,0.00,0.22,1.06,0.03,1.06
458,19,0.20,-0.06,0.20,-0.52,0.16,0.55,-0.01,0.01,0.01,0.20,0.00,0.20,1.03,0.02,1.03
459,19,0.17,-0.06,0.18,-0.85,0.03,0.85,0.00,0.01,0.01,0.17,0.00,0.17,1.00,0.00,1.00
460,19,0.13,-0.06,0.14,-1.03,-0.15,1.05,0.01,0.00,0.01,0.12,0.00,0.12,0.98,0.00,0.98
461,19,0.08,-0.07,0.11,-1.07,-0.21,1.09,0.01,0.00,0.01,0.08,0.00,0.08,0.97,0.00,0.97
462,19,0.04,-0.08,0.09,-0.92,-0.13,0.93,0.02,-0.00,0.02,0.04,0.00,0.04,0.99,0.00,0.99
463,19,0.01,-0.08,0.08,-0.56,-0.11,0.58,0.02,-0.00,0.02,0.01,0.00,0.01,1.03,0.00,1.03
464,19,-0.01,-0.09,0.09,-0.18,-0.15,0.23,0.02,-0.01,0.02,0.00,0.00,0.00,1.07,0.00,1.07
465,19,-0.01,-0.09,0.09,0.04,-0.25,0.25,0.01,-0.01,0.02,0.00,0.00,0.00,1.09,0.00,1.09
466,19,-0.01,-0.11,0.11,0.02,-0.41,0.41,0.01,-0.02,0.02,0.00,0.00,0.00,1.09,0.00,1.09
467,19,-0.01,-0.13,0.13,-0.17,-0.53,0.56,0.01,-0.02,0.03,0.00,0.00,0.00,1.07,0.00,1.07
468,19,-0.02,-0.15,0.15,-0.32,-0.57,0.65,0.01,-0.03,0.03,0.00,0.00,0.00,1.06,0.00,1.06
469,19,-0.03,-0.18,0.18,-0.21,-0.65,0.69,0.01,-0.03,0.04,0.00,0.00,0.00,1.07,0.00,1.07
470,19,-0.04,-0.21,0.21,0.04,-0.86,0.87,0.01,-0.04,0.04,0.00,0.00,0.00,1.09,0.00,1.09
471,19,-0.03,-0.25,0.25,0.25,-1.13,1.15,0.01,-0.05,0.05,0.00,0.00,0.00,1.12,0.00,1.12
472,19,-0.02,-0.30,0.30,0.37,-1.38,1.43,0.01,-0.06,0.06,0.00,0.00,0.00,1.13,0.00,1.13
473,19,-0.00,-0.36,0.36,0.35,-1.63,1.67,0.01,-0.07,0.07,0.00,0.00,0.00,1.13,0.00,1.13
474,19,0.01,-0.43,0.43,0.22,-1.74,1.75,0.01,-0.09,0.09,0.01,0.00,0.01,1.11,0.00,1.11
475,19,0.02,-0.51,0.51,0.03,-1.63,1.63,0.01,-0.11,0.11,0.02,0.00,0.02,1.09,0.00,1.09
476,19,0.01,-0.57,0.57,-0.33,-1.47,1.50,0.01,-0.13,0.13,0.01,0.00,0.01,1.05,0.00,1.05
477,19,-0.02,-0.63,0.63,-1.02,-1.41,1.74,0.01,-0.16,0.16,0.00,0.00,0.00,0.98,0.00,0.98
478,19,-0.08,-0.69,0.69,-1.99,-1.59,2.54,0.01,-0.19,0.19,0.00,0.00,0.00,0.87,0.00,0.87
479,19,-0.10,-0.55,0.56,0.00,0.00,0.00,0.01,-0.21,0.21,0.00,0.00,0.00,1.09,0.00,1.09
480,19,-0.04,-0.19,0.19,0.00,0.00,0.00,-0.00,-0.25,0.25,0.00,0.00,0.00,1.09,0.00,1.09
481,19,0.00,0.00,0.00,0.00,0.00,0.00,-0.02,-0.29,0.29,0.00,0.00,0.00,1.09,0.00,1.09
