Weight (lbs):,10.886229826455354
,
"velocity (vertical, m/s)",
video,average,min,time of min (ms),max,time of max (ms)
1,0.20,-0.77,3395,0.75,7145
,
"velocity (horizontal, m/s)",
video,average,min,time of min (ms),max,time of max (ms)
1,0.10,-0.60,19853,0.30,6978
,
"velocity (m/s)",
video,average,min,time of min (ms),max,time of max (ms)
1,0.25,0.00,19978,0.89,7145
,
"acceleration (vertical, m/s^2)",
video,average,min,time of min (ms),max,time of max (ms)
1,0.77,-4.87,6895,8.40,7061
,
"acceleration (horizontal, m/s^2)",
video,average,min,time of min (ms),max,time of max (ms)
1,0.29,-8.69,7061,5.24,6936
,
"acceleration (m/s^2)",
video,average,min,time of min (ms),max,time of max (ms)
1,0.88,0.00,19978,12,7061
,
"displacement (vertical, m)",
video,average,min,time of min (ms),max,time of max (ms)
1,0.00,-0.32,978,0.03,7561
,
"displacement (horizontal, m)",
video,average,min,time of min (ms),max,time of max (ms)
1,0.06,-0.24,19978,0.09,16603
,
"displacement (m)",
video,average,min,time of min (ms),max,time of max (ms)
1,0.18,0.00,0,0.33,978
,
"power (vertical, kW)",
video,average,min,time of min (ms),max,time of max (ms)
1,0.04,0.00,19978,0.10,7103
,
"power (horizontal, kW)",
video,average,min,time of min (ms),max,time of max (ms)
1,0.00,0.00,19978,0.01,6978
,
"power (kW)",
video,average,min,time of min (ms),max,time of max (ms)
1,0.04,0.00,19978,0.10,7103
,
"force (vertical, kN)",
video,average,min,time of min (ms),max,time of max (ms)
1,0.11,0.05,6895,0.20,7061
,
"force (horizontal, kN)",
video,average,min,time of min (ms),max,time of max (ms)
1,0.05,0.00,19978,0.06,6936
,
"force (kN)",
video,average,min,time of min (ms),max,time of max (ms)
1,0.11,0.06,6895,0.20,7061
,
Frame number,Time (s),"velocity (vertical, m/s)","velocity (horizontal, m/s)","velocity (m/s)","acceleration (vertical, m/s^2)","acceleration (horizontal, m/s^2)","acceleration (m/s^2)","displacement (vertical, m)","displacement (horizontal, m)","displacement (m)","power (vertical, kW)","power (horizontal, kW)","power (kW)","force (vertical, kN)","force (horizontal, kN)","force (kN)"
1,0.00,0.00,0.00,0.00,0.00,0.00,0.00,0.00,0.00,0.00,0.00,0.00,0.00,0.11,0.00,0.11
2,0.02,-0.01,0.01,0.01,0.00,0.00,0.00,0.00,0.00,0.00,0.00,0.00,0.00,0.11,0.00,0.11
3,0.06,-0.04,0.02,0.05,0.00,0.00,0.00,0.00,0.00,0.00,0.00,0.00,0.00,0.11,0.00,0.11
4,0.10,-0.10,0.03,0.11,-1.82,0.17,1.82,-0.00,0.00,0.00,0.00,0.00,0.00,0.09,0.00,0.09
5,0.14,-0.19,0.04,0.20,-2.51,0.34,2.54,-0.01,0.00,0.01,0.00,0.00,0.00,0.08,0.00,0.08
6,0.19,-0.31,0.06,0.32,-3.01,0.38,3.03,-0.02,0.01,0.02,0.00,0.00,0.00,0.07,0.00,0.07
7,0.23,-0.44,0.07,0.44,-3.02,0.50,3.06,-0.03,0.01,0.03,0.00,0.00,0.00,0.07,0.01,0.07
8,0.27,-0.55,0.10,0.56,-2.42,0.66,2.51,-0.05,0.01,0.05,0.00,0.00,0.00,0.08,0.01,0.08
9,0.31,-0.63,0.13,0.65,-1.34,0.65,1.49,-0.08,0.02,0.08,0.00,0.00,0.00,0.09,0.01,0.09
10,0.35,-0.66,0.15,0.68,-0.13,0.31,0.34,-0.11,0.02,0.11,0.00,0.00,0.00,0.11,0.00,0.11
11,0.40,-0.65,0.15,0.66,0.82,-0.16,0.84,-0.14,0.03,0.14,0.00,0.00,0.00,0.12,0.00,0.12
12,0.44,-0.60,0.14,0.62,1.32,-0.32,1.36,-0.16,0.04,0.17,0.00,0.00,0.00,0.12,0.00,0.12
13,0.48,-0.54,0.13,0.56,1.36,-0.08,1.37,-0.19,0.04,0.19,0.00,0.00,0.00,0.12,0.00,0.12
14,0.52,-0.49,0.13,0.51,1.14,0.16,1.15,-0.21,0.05,0.21,0.00,0.00,0.00,0.12,0.00,0.12
15,0.56,-0.45,0.14,0.47,0.96,0.10,0.96,-0.23,0.05,0.23,0.00,0.00,0.00,0.12,0.00,0.12
16,0.60,-0.41,0.14,0.43,1.08,-0.19,1.10,-0.25,0.06,0.25,0.00,0.00,0.00,0.12,0.00,0.12
17,0.65,-0.36,0.12,0.38,1.37,-0.46,1.45,-0.26,0.06,0.27,0.00,0.00,0.00,0.12,0.00,0.12
18,0.69,-0.30,0.10,0.31,1.45,-0.58,1.56,-0.28,0.07,0.29,0.00,0.00,0.00,0.12,0.00,0.12
19,0.73,-0.24,0.08,0.25,1.17,-0.51,1.28,-0.29,0.07,0.30,0.00,0.00,0.00,0.12,0.00,0.12
20,0.77,-0.20,0.06,0.21,0.75,-0.31,0.81,-0.30,0.08,0.31,0.00,0.00,0.00,0.11,0.00,0.11
21,0.81,-0.17,0.05,0.18,0.58,-0.10,0.58,-0.30,0.08,0.31,0.00,0.00,0.00,0.11,0.00,0.11
22,0.85,-0.15,0.05,0.16,0.77,-0.01,0.77,-0.31,0.08,0.32,0.00,0.00,0.00,0.12,0.00,0.12
23,0.90,-0.11,0.05,0.12,1.10,-0.08,1.10,-0.32,0.08,0.33,0.00,0.00,0.00,0.12,0.00,0.12
24,0.94,-0.06,0.04,0.07,1.27,-0.22,1.29,-0.32,0.08,0.33,0.00,0.00,0.00,0.12,0.00,0.12
25,0.98,-0.01,0.03,0.03,1.14,-0.27,1.17,-0.32,0.08,0.33,0.00,0.00,0.00,0.12,0.00,0.12
26,1.02,0.03,0.02,0.04,0.78,-0.19,0.80,-0.32,0.09,0.33,0.00,0.00,0.00,0.12,0.00,0.12
27,1.06,0.06,0.01,0.06,0.42,-0.17,0.45,-0.32,0.09,0.33,0.01,0.00,0.01,0.11,0.00,0.11
28,1.10,0.07,0.00,0.07,0.27,-0.26,0.38,-0.31,0.09,0.33,0.01,0.00,0.01,0.11,0.00,0.11
29,1.15,0.08,-0.01,0.08,0.39,-0.31,0.50,-0.31,0.09,0.32,0.01,0.00,0.01,0.11,0.00,0.11
30,1.19,0.11,-0.02,0.11,0.66,-0.23,0.70,-0.31,0.09,0.32,0.01,0.00,0.01,0.11,0.00,0.11
31,1.23,0.14,-0.03,0.14,0.81,-0.05,0.81,-0.30,0.08,0.32,0.02,0.00,0.02,0.12,0.00,0.12
32,1.27,0.17,-0.02,0.17,0.71,0.12,0.72,-0.30,0.08,0.31,0.02,0.00,0.02,0.11,0.00,0.11
33,1.31,0.20,-0.02,0.20,0.58,0.06,0.59,-0.29,0.08,0.30,0.02,0.00,0.02,0.11,0.00,0.11
34,1.35,0.22,-0.02,0.22,0.64,-0.18,0.66,-0.28,0.08,0.29,0.03,0.00,0.03,0.11,0.00,0.11
35,1.40,0.25,-0.03,0.25,0.82,-0.28,0.87,-0.27,0.08,0.28,0.03,0.00,0.03,0.12,0.00,0.12
36,1.44,0.29,-0.04,0.29,0.82,-0.16,0.83,-0.26,0.08,0.27,0.03,0.00,0.03,0.12,0.00,0.12
37,1.48,0.31,-0.04,0.32,0.50,-0.00,0.50,-0.25,0.08,0.26,0.04,0.00,0.04,0.11,0.00,0.11
38,1.52,0.33,-0.04,0.33,0.17,0.05,0.18,-0.23,0.08,0.24,0.04,0.00,0.04,0.11,0.00,0.11
39,1.56,0.33,-0.04,0.34,0.22,-0.03,0.22,-0.22,0.07,0.23,0.04,0.00,0.04,0.11,0.00,0.11
40,1.60,0.35,-0.05,0.35,0.59,-0.24,0.63,-0.21,0.07,0.22,0.04,0.00,0.04,0.11,0.00,0.11
41,1.65,0.38,-0.06,0.39,0.81,-0.43,0.92,-0.19,0.07,0.20,0.04,0.00,0.04,0.12,0.00,0.12
42,1.69,0.41,-0.08,0.42,0.47,-0.39,0.61,-0.17,0.07,0.19,0.05,0.00,0.05,0.11,0.00,0.11
43,1.73,0.42,-0.09,0.43,-0.04,-0.12,0.12,-0.16,0.06,0.17,0.04,0.00,0.04,0.11,0.00,0.11
44,1.77,0.41,-0.09,0.42,-0.22,0.21,0.30,-0.14,0.06,0.15,0.04,0.00,0.04,0.10,0.00,0.10
45,1.81,0.40,-0.08,0.41,-0.17,0.29,0.34,-0.12,0.06,0.13,0.04,0.00,0.04,0.10,0.00,0.10
46,1.85,0.40,-0.07,0.41,0.01,-0.00,0.01,-0.11,0.05,0.12,0.04,0.00,0.04,0.11,0.00,0.11
47,1.90,0.40,-0.08,0.41,0.21,-0.40,0.45,-0.09,0.05,0.10,0.04,0.00,0.04,0.11,0.00,0.11
48,1.94,0.41,-0.10,0.42,0.13,-0.45,0.47,-0.07,0.05,0.09,0.04,0.00,0.04,0.11,0.00,0.11
49,1.98,0.41,-0.11,0.43,-0.03,-0.13,0.13,-0.05,0.04,0.07,0.04,0.00,0.04,0.11,0.00,0.11
50,2.02,0.41,-0.11,0.42,-0.32,0.17,0.36,-0.04,0.04,0.05,0.04,0.00,0.04,0.10,0.00,0.10
51,2.06,0.38,-0.10,0.39,-1.10,0.32,1.15,-0.02,0.03,0.04,0.04,0.00,0.04,0.09,0.00,0.09
52,2.10,0.31,-0.08,0.32,-1.99,0.44,2.04,-0.00,0.03,0.03,0.03,0.00,0.03,0.09,0.00,0.09
53,2.15,0.22,-0.07,0.23,-2.54,0.42,2.57,0.01,0.03,0.03,0.02,0.00,0.02,0.08,0.00,0.08
54,2.19,0.11,-0.05,0.12,-2.47,0.32,2.49,0.02,0.02,0.03,0.01,0.00,0.01,0.08,0.00,0.08
55,2.23,0.02,-0.04,0.04,-1.64,0.27,1.66,0.02,0.02,0.03,0.00,0.00,0.00,0.09,0.00,0.09
56,2.27,-0.02,-0.03,0.04,-0.56,0.24,0.61,0.01,0.02,0.03,0.00,0.00,0.00,0.10,0.00,0.10
57,2.31,-0.03,-0.02,0.03,0.23,0.27,0.36,0.01,0.02,0.02,0.00,0.00,0.00,0.11,0.00,0.11
58,2.35,-0.01,-0.00,0.01,0.53,0.31,0.61,0.01,0.02,0.02,0.00,0.00,0.00,0.11,0.00,0.11
59,2.40,0.01,0.01,0.01,0.38,0.19,0.42,0.01,0.02,0.02,0.00,0.00,0.00,0.11,0.00,0.11
60,2.44,0.02,0.01,0.02,0.18,-0.02,0.18,0.01,0.02,0.02,0.00,0.00,0.00,0.11,0.00,0.11
61,2.48,0.03,0.01,0.03,0.10,-0.17,0.20,0.01,0.02,0.02,0.00,0.00,0.00,0.11,0.00,0.11
62,2.52,0.03,-0.00,0.03,-0.05,-0.16,0.17,0.02,0.02,0.03,0.00,0.00,0.00,0.11,0.00,0.11
63,2.56,0.02,-0.01,0.02,-0.22,-0.07,0.23,0.02,0.02,0.03,0.00,0.00,0.00,0.10,0.00,0.10
64,2.60,0.01,-0.01,0.01,-0.30,0.01,0.30,0.02,0.02,0.03,0.00,0.00,0.00,0.10,0.00,0.10
65,2.65,-0.00,-0.00,0.00,-0.29,0.12,0.31,0.02,0.02,0.03,0.00,0.00,0.00,0.10,0.00,0.10
66,2.69,-0.01,0.00,0.01,-0.12,0.08,0.14,0.02,0.02,0.03,0.00,0.00,0.00,0.11,0.00,0.11
67,2.73,-0.01,0.00,0.01,0.16,-0.08,0.18,0.02,0.02,0.03,0.00,0.00,0.00,0.11,0.00,0.11
68,2.77,0.00,-0.00,0.00,0.29,-0.10,0.31,0.02,0.02,0.03,0.00,0.00,0.00,0.11,0.00,0.11
69,2.81,0.01,-0.01,0.01,0.16,0.01,0.16,0.02,0.02,0.03,0.00,0.00,0.00,0.11,0.00,0.11
70,2.85,0.01,-0.00,0.01,-0.07,0.14,0.16,0.02,0.02,0.03,0.00,0.00,0.00,0.11,0.00,0.11
71,2.90,0.01,0.00,0.01,-0.21,0.20,0.29,0.02,0.02,0.03,0.00,0.00,0.00,0.10,0.00,0.10
72,2.94,-0.00,0.01,0.01,-0.24,0.10,0.26,0.02,0.02,0.03,0.00,0.00,0.00,0.10,0.00,0.10
73,2.98,-0.01,0.01,0.02,-0.28,-0.03,0.29,0.02,0.02,0.03,0.00,0.00,0.00,0.10,0.00,0.10
74,3.02,-0.03,0.01,0.03,-0.39,-0.01,0.40,0.02,0.02,0.03,0.00,0.00,0.00,0.10,0.00,0.10
75,3.06,-0.05,0.01,0.05,-0.76,0.09,0.77,0.02,0.02,0.03,0.00,0.00,0.00,0.10,0.00,0.10
76,3.10,-0.10,0.02,0.10,-1.50,0.11,1.50,0.01,0.02,0.02,0.00,0.00,0.00,0.09,0.00,0.09
77,3.15,-0.18,0.02,0.18,-2.41,0.10,2.41,0.01,0.02,0.02,0.00,0.00,0.00,0.08,0.00,0.08
78,3.19,-0.30,0.03,0.30,-3.24,0.15,3.24,0.00,0.02,0.02,0.00,0.00,0.00,0.07,0.00,0.07
79,3.23,-0.44,0.03,0.44,-3.71,0.30,3.72,-0.01,0.02,0.03,0.00,0.00,0.00,0.07,0.00,0.07
80,3.27,-0.59,0.05,0.59,-3.35,0.44,3.37,-0.03,0.02,0.04,0.00,0.00,0.00,0.07,0.00,0.07
81,3.31,-0.71,0.07,0.71,-2.13,0.39,2.17,-0.06,0.03,0.07,0.00,0.00,0.00,0.08,0.00,0.08
82,3.35,-0.77,0.08,0.77,-0.72,0.23,0.75,-0.10,0.03,0.10,0.00,0.00,0.00,0.10,0.00,0.10
83,3.40,-0.77,0.09,0.78,0.50,0.08,0.51,-0.13,0.04,0.14,0.00,0.00,0.00,0.11,0.00,0.11
84,3.44,-0.73,0.09,0.73,1.55,-0.01,1.55,-0.16,0.04,0.17,0.00,0.00,0.00,0.12,0.00,0.12
85,3.48,-0.65,0.09,0.66,2.10,0.01,2.10,-0.19,0.04,0.20,0.00,0.00,0.00,0.13,0.00,0.13
86,3.52,-0.56,0.09,0.57,1.99,0.11,1.99,-0.22,0.05,0.22,0.00,0.00,0.00,0.13,0.00,0.13
87,3.56,-0.49,0.10,0.50,1.60,0.08,1.61,-0.24,0.05,0.25,0.00,0.00,0.00,0.12,0.00,0.12
88,3.60,-0.43,0.10,0.44,1.11,-0.14,1.12,-0.26,0.05,0.26,0.00,0.00,0.00,0.12,0.00,0.12
89,3.65,-0.39,0.08,0.40,0.95,-0.44,1.05,-0.27,0.06,0.28,0.00,0.00,0.00,0.12,0.00,0.12
90,3.69,-0.34,0.06,0.35,1.52,-0.67,1.66,-0.29,0.06,0.30,0.00,0.00,0.00,0.12,0.00,0.12
91,3.73,-0.26,0.03,0.26,2.36,-0.74,2.47,-0.30,0.06,0.31,0.00,0.00,0.00,0.13,0.00,0.13
92,3.77,-0.15,0.00,0.15,2.90,-0.63,2.97,-0.31,0.06,0.32,0.00,0.00,0.00,0.14,0.00,0.14
93,3.81,-0.02,-0.02,0.03,3.00,-0.42,3.03,-0.32,0.06,0.33,0.00,0.00,0.00,0.14,0.00,0.14
94,3.85,0.09,-0.03,0.10,2.56,-0.24,2.58,-0.32,0.06,0.32,0.01,0.00,0.01,0.13,0.00,0.13
95,3.90,0.18,-0.04,0.19,1.78,-0.14,1.78,-0.31,0.06,0.31,0.02,0.00,0.02,0.13,0.00,0.13
96,3.94,0.24,-0.05,0.25,1.03,-0.11,1.04,-0.30,0.06,0.30,0.03,0.00,0.03,0.12,0.00,0.12
97,3.98,0.27,-0.05,0.28,0.59,-0.11,0.60,-0.29,0.06,0.29,0.03,0.00,0.03,0.11,0.00,0.11
98,4.02,0.30,-0.06,0.30,0.48,-0.06,0.48,-0.28,0.05,0.28,0.03,0.00,0.03,0.11,0.00,0.11
99,4.06,0.32,-0.06,0.32,0.49,0.03,0.50,-0.26,0.05,0.27,0.04,0.00,0.04,0.11,0.00,0.11
100,4.10,0.33,-0.05,0.34,0.36,0.12,0.37,-0.25,0.05,0.25,0.04,0.00,0.04,0.11,0.00,0.11
101,4.14,0.35,-0.05,0.35,0.17,0.14,0.22,-0.23,0.05,0.24,0.04,0.00,0.04,0.11,0.00,0.11
102,4.19,0.35,-0.04,0.35,0.19,0.11,0.22,-0.22,0.05,0.22,0.04,0.00,0.04,0.11,0.00,0.11
103,4.23,0.36,-0.04,0.36,0.21,0.11,0.24,-0.21,0.04,0.21,0.04,0.00,0.04,0.11,0.00,0.11
104,4.27,0.37,-0.03,0.37,0.15,0.05,0.16,-0.19,0.04,0.20,0.04,0.00,0.04,0.11,0.00,0.11
105,4.31,0.38,-0.03,0.38,0.12,-0.03,0.12,-0.17,0.04,0.18,0.04,0.00,0.04,0.11,0.00,0.11
106,4.35,0.38,-0.04,0.38,0.03,-0.02,0.03,-0.16,0.04,0.16,0.04,0.00,0.04,0.11,0.00,0.11
107,4.39,0.38,-0.04,0.38,0.01,-0.06,0.06,-0.14,0.04,0.15,0.04,0.00,0.04,0.11,0.00,0.11
108,4.44,0.38,-0.04,0.38,0.05,-0.16,0.16,-0.13,0.04,0.13,0.04,0.00,0.04,0.11,0.00,0.11
109,4.48,0.38,-0.05,0.38,-0.11,-0.23,0.25,-0.11,0.04,0.12,0.04,0.00,0.04,0.11,0.00,0.11
110,4.52,0.37,-0.06,0.37,-0.31,-0.23,0.39,-0.09,0.03,0.10,0.04,0.00,0.04,0.10,0.00,0.10
111,4.56,0.36,-0.07,0.36,-0.31,-0.06,0.32,-0.08,0.03,0.09,0.04,0.00,0.04,0.10,0.00,0.10
112,4.60,0.35,-0.06,0.35,-0.14,0.18,0.22,-0.07,0.03,0.07,0.04,0.00,0.04,0.11,0.00,0.11
113,4.64,0.34,-0.05,0.35,0.05,0.30,0.30,-0.05,0.02,0.06,0.04,0.00,0.04,0.11,0.00,0.11
114,4.69,0.35,-0.04,0.35,0.02,0.29,0.29,-0.04,0.02,0.04,0.04,0.00,0.04,0.11,0.00,0.11
115,4.73,0.34,-0.03,0.34,-0.32,0.12,0.35,-0.02,0.02,0.03,0.04,0.00,0.04,0.10,0.00,0.10
116,4.77,0.32,-0.03,0.32,-0.86,-0.06,0.86,-0.01,0.02,0.02,0.03,0.00,0.03,0.10,0.00,0.10
117,4.81,0.27,-0.03,0.27,-1.49,-0.06,1.49,0.01,0.02,0.02,0.02,0.00,0.02,0.09,0.00,0.09
118,4.85,0.20,-0.03,0.20,-1.98,0.08,1.98,0.02,0.02,0.02,0.02,0.00,0.02,0.09,0.00,0.09
119,4.89,0.11,-0.03,0.11,-2.02,0.19,2.03,0.02,0.02,0.03,0.01,0.00,0.01,0.08,0.00,0.08
120,4.94,0.03,-0.02,0.04,-1.57,0.07,1.57,0.03,0.02,0.03,0.00,0.00,0.00,0.09,0.00,0.09
121,4.98,-0.02,-0.02,0.03,-0.85,-0.18,0.87,0.02,0.01,0.03,0.00,0.00,0.00,0.10,0.00,0.10
122,5.02,-0.04,-0.03,0.05,-0.14,-0.24,0.28,0.02,0.01,0.03,0.00,0.00,0.00,0.11,0.00,0.11
123,5.06,-0.03,-0.04,0.05,0.24,-0.08,0.25,0.02,0.01,0.02,0.00,0.00,0.00,0.11,0.00,0.11
124,5.10,-0.02,-0.04,0.05,0.23,0.14,0.27,0.02,0.01,0.02,0.00,0.00,0.00,0.11,0.00,0.11
125,5.14,-0.02,-0.03,0.03,0.10,0.23,0.25,0.02,0.01,0.02,0.00,0.00,0.00,0.11,0.00,0.11
126,5.19,-0.01,-0.02,0.03,-0.02,0.13,0.13,0.02,0.01,0.02,0.00,0.00,0.00,0.11,0.00,0.11
127,5.23,-0.02,-0.02,0.03,-0.10,0.06,0.11,0.02,0.01,0.02,0.00,0.00,0.00,0.11,0.00,0.11
128,5.27,-0.02,-0.02,0.03,-0.05,0.08,0.09,0.02,0.01,0.02,0.00,0.00,0.00,0.11,0.00,0.11
129,5.31,-0.02,-0.01,0.02,0.10,0.05,0.11,0.02,0.01,0.02,0.00,0.00,0.00,0.11,0.00,0.11
130,5.35,-0.01,-0.01,0.02,0.20,-0.02,0.20,0.01,0.01,0.02,0.00,0.00,0.00,0.11,0.00,0.11
131,5.39,-0.00,-0.01,0.02,0.15,-0.03,0.16,0.01,0.00,0.01,0.00,0.00,0.00,0.11,0.00,0.11
132,5.44,-0.00,-0.01,0.01,-0.05,0.10,0.11,0.01,0.00,0.01,0.00,0.00,0.00,0.11,0.00,0.11
133,5.48,-0.01,-0.00,0.01,-0.37,0.31,0.48,0.01,0.00,0.01,0.00,0.00,0.00,0.10,0.00,0.10
134,5.52,-0.03,0.01,0.04,-0.71,0.39,0.81,0.01,0.00,0.01,0.00,0.00,0.00,0.10,0.00,0.10
135,5.56,-0.07,0.03,0.07,-1.07,0.31,1.12,0.01,0.00,0.01,0.00,0.00,0.00,0.10,0.00,0.10
136,5.60,-0.13,0.04,0.13,-1.63,0.20,1.65,0.01,0.01,0.01,0.00,0.00,0.00,0.09,0.00,0.09
137,5.64,-0.21,0.04,0.21,-2.37,0.09,2.37,0.00,0.01,0.01,0.00,0.00,0.00,0.08,0.00,0.08
138,5.69,-0.32,0.05,0.32,-2.99,0.07,2.99,-0.01,0.01,0.01,0.00,0.00,0.00,0.07,0.00,0.07
139,5.73,-0.45,0.05,0.45,-3.07,0.23,3.08,-0.02,0.01,0.02,0.00,0.00,0.00,0.07,0.00,0.07
140,5.77,-0.57,0.06,0.57,-2.35,0.44,2.39,-0.04,0.01,0.05,0.00,0.00,0.00,0.08,0.00,0.08
141,5.81,-0.64,0.09,0.65,-1.21,0.61,1.36,-0.07,0.02,0.07,0.00,0.00,0.00,0.09,0.01,0.09
142,5.85,-0.67,0.12,0.68,-0.15,0.75,0.76,-0.10,0.02,0.10,0.00,0.00,0.00,0.11,0.01,0.11
143,5.89,-0.66,0.15,0.67,0.64,0.65,0.92,-0.13,0.03,0.13,0.00,0.00,0.00,0.11,0.01,0.11
144,5.94,-0.62,0.17,0.64,1.06,0.34,1.11,-0.16,0.03,0.16,0.00,0.00,0.00,0.12,0.00,0.12
145,5.98,-0.57,0.17,0.60,1.20,0.03,1.20,-0.18,0.04,0.19,0.00,0.00,0.00,0.12,0.00,0.12
146,6.02,-0.52,0.17,0.55,1.26,-0.30,1.29,-0.20,0.05,0.21,0.00,0.00,0.00,0.12,0.00,0.12
147,6.06,-0.47,0.15,0.49,1.16,-0.55,1.28,-0.22,0.05,0.23,0.00,0.00,0.00,0.12,0.00,0.12
148,6.10,-0.43,0.13,0.44,0.93,-0.58,1.10,-0.24,0.06,0.25,0.00,0.00,0.00,0.12,0.00,0.12
149,6.14,-0.39,0.10,0.40,0.86,-0.58,1.04,-0.26,0.07,0.27,0.00,0.00,0.00,0.12,0.00,0.12
150,6.19,-0.35,0.08,0.36,1.05,-0.66,1.24,-0.28,0.07,0.28,0.00,0.00,0.00,0.12,0.00,0.12
151,6.23,-0.30,0.05,0.30,1.56,-0.68,1.70,-0.29,0.07,0.30,0.00,0.00,0.00,0.12,0.00,0.12
152,6.27,-0.22,0.02,0.22,2.36,-0.70,2.46,-0.30,0.07,0.31,0.00,0.00,0.00,0.13,0.00,0.13
153,6.31,-0.10,-0.01,0.10,3.01,-0.68,3.08,-0.31,0.07,0.32,0.00,0.00,0.00,0.14,0.00,0.14
154,6.35,0.03,-0.03,0.04,3.03,-0.48,3.07,-0.31,0.07,0.32,0.00,0.00,0.00,0.14,0.00,0.14
155,6.39,0.14,-0.05,0.15,2.47,-0.29,2.49,-0.31,0.07,0.32,0.02,0.00,0.02,0.13,0.00,0.13
156,6.44,0.23,-0.06,0.23,1.61,-0.24,1.62,-0.30,0.07,0.31,0.03,0.00,0.03,0.12,0.00,0.12
157,6.48,0.28,-0.07,0.28,0.78,-0.25,0.82,-0.29,0.06,0.29,0.03,0.00,0.03,0.12,0.00,0.12
158,6.52,0.30,-0.08,0.31,0.27,-0.17,0.31,-0.27,0.06,0.28,0.03,0.00,0.03,0.11,0.00,0.11
159,6.56,0.30,-0.08,0.31,-0.31,0.16,0.35,-0.26,0.06,0.27,0.03,0.00,0.03,0.10,0.00,0.10
160,6.60,0.27,-0.07,0.28,-0.88,0.38,0.96,-0.25,0.05,0.25,0.03,0.00,0.03,0.10,0.00,0.10
161,6.64,0.24,-0.06,0.25,-0.47,0.02,0.47,-0.24,0.05,0.24,0.02,0.00,0.02,0.10,0.00,0.10
162,6.69,0.24,-0.07,0.25,0.55,-0.42,0.69,-0.23,0.05,0.23,0.03,0.00,0.03,0.11,0.00,0.11
163,6.73,0.28,-0.09,0.29,1.13,-0.35,1.18,-0.22,0.05,0.23,0.03,0.00,0.03,0.12,0.00,0.12
164,6.77,0.32,-0.10,0.34,0.91,-0.02,0.91,-0.21,0.04,0.21,0.04,0.00,0.04,0.12,0.00,0.12
165,6.81,0.33,-0.10,0.34,-0.88,-0.53,1.03,-0.19,0.04,0.19,0.03,0.00,0.03,0.10,0.00,0.10
166,6.85,0.23,-0.11,0.26,-3.89,-0.09,3.89,-0.18,0.04,0.18,0.01,0.00,0.01,0.06,0.00,0.06
167,6.89,0.04,-0.07,0.08,-4.87,3.13,5.79,-0.16,0.03,0.17,0.00,0.00,0.00,0.05,0.03,0.06
168,6.94,-0.12,0.11,0.16,-2.30,5.24,5.72,-0.17,0.02,0.17,0.00,0.01,0.01,0.08,0.06,0.10
169,6.98,-0.12,0.30,0.32,2.72,2.29,3.55,-0.19,0.02,0.19,0.00,0.01,0.01,0.14,0.02,0.14
170,7.02,0.11,0.27,0.29,7.90,-4.25,8.97,-0.20,0.06,0.21,0.02,0.00,0.02,0.19,0.00,0.19
171,7.06,0.47,-0.03,0.47,8.40,-8.69,12,-0.19,0.09,0.21,0.09,0.00,0.09,0.20,0.00,0.20
172,7.10,0.73,-0.38,0.82,3.38,-6.24,7.10,-0.15,0.06,0.17,0.10,0.00,0.10,0.14,0.00,0.14
173,7.14,0.75,-0.48,0.89,-2.01,0.67,2.12,-0.10,0.02,0.11,0.06,0.00,0.06,0.08,0.01,0.09
174,7.19,0.60,-0.34,0.69,-4.37,4.92,6.58,-0.07,-0.00,0.07,0.04,0.00,0.04,0.06,0.05,0.08
175,7.23,0.43,-0.15,0.45,-3.46,3.99,5.28,-0.06,0.00,0.06,0.03,0.00,0.03,0.07,0.04,0.08
176,7.27,0.34,-0.05,0.35,-0.92,1.15,1.47,-0.05,-0.00,0.05,0.03,0.00,0.03,0.10,0.01,0.10
177,7.31,0.33,-0.03,0.33,0.21,-0.02,0.21,-0.03,-0.00,0.03,0.04,0.00,0.04,0.11,0.00,0.11
178,7.35,0.33,-0.03,0.33,-0.13,0.00,0.13,-0.02,-0.00,0.02,0.04,0.00,0.04,0.11,0.00,0.11
179,7.39,0.32,-0.03,0.32,-0.61,-0.18,0.63,-0.01,-0.00,0.01,0.03,0.00,0.03,0.10,0.00,0.10
180,7.44,0.28,-0.04,0.28,-1.30,-0.21,1.31,0.01,-0.01,0.01,0.03,0.00,0.03,0.09,0.00,0.09
181,7.48,0.21,-0.05,0.22,-1.95,-0.08,1.95,0.02,-0.01,0.02,0.02,0.00,0.02,0.09,0.00,0.09
182,7.52,0.12,-0.04,0.13,-2.16,0.11,2.17,0.03,-0.01,0.03,0.01,0.00,0.01,0.08,0.00,0.08
183,7.56,0.04,-0.04,0.05,-1.81,0.23,1.82,0.03,-0.01,0.03,0.00,0.00,0.00,0.09,0.00,0.09
184,7.60,-0.02,-0.03,0.04,-1.10,0.17,1.11,0.03,-0.01,0.03,0.00,0.00,0.00,0.09,0.00,0.09
185,7.64,-0.05,-0.03,0.06,-0.42,-0.02,0.42,0.03,-0.01,0.03,0.00,0.00,0.00,0.10,0.00,0.10
186,7.69,-0.06,-0.03,0.07,-0.01,-0.24,0.24,0.02,-0.01,0.03,0.00,0.00,0.00,0.11,0.00,0.11
187,7.73,-0.06,-0.04,0.07,0.20,-0.38,0.43,0.02,-0.02,0.02,0.00,0.00,0.00,0.11,0.00,0.11
188,7.77,-0.05,-0.06,0.07,0.30,-0.26,0.40,0.02,-0.02,0.03,0.00,0.00,0.00,0.11,0.00,0.11
189,7.81,-0.03,-0.06,0.07,0.24,0.07,0.25,0.02,-0.02,0.03,0.00,0.00,0.00,0.11,0.00,0.11
190,7.85,-0.03,-0.05,0.06,0.09,0.37,0.38,0.01,-0.02,0.03,0.00,0.00,0.00,0.11,0.00,0.11
191,7.89,-0.03,-0.04,0.04,-0.04,0.44,0.45,0.01,-0.03,0.03,0.00,0.00,0.00,0.11,0.00,0.11
192,7.94,-0.03,-0.02,0.03,-0.09,0.37,0.38,0.01,-0.03,0.03,0.00,0.00,0.00,0.11,0.00,0.11
193,7.98,-0.03,-0.00,0.03,0.01,0.28,0.28,0.01,-0.03,0.03,0.00,0.00,0.00,0.11,0.00,0.11
194,8.02,-0.03,0.01,0.03,0.17,0.21,0.27,0.01,-0.03,0.03,0.00,0.00,0.00,0.11,0.00,0.11
195,8.06,-0.02,0.01,0.02,0.20,0.18,0.27,0.01,-0.03,0.03,0.00,0.00,0.00,0.11,0.00,0.11
196,8.10,-0.01,0.02,0.02,0.10,0.15,0.18,0.01,-0.03,0.03,0.00,0.00,0.00,0.11,0.00,0.11
197,8.14,-0.01,0.02,0.03,-0.02,0.04,0.05,0.01,-0.03,0.03,0.00,0.00,0.00,0.11,0.00,0.11
198,8.19,-0.01,0.03,0.03,-0.06,-0.00,0.06,0.01,-0.02,0.02,0.00,0.00,0.00,0.11,0.00,0.11
199,8.23,-0.01,0.03,0.03,0.02,0.00,0.02,0.01,-0.02,0.02,0.00,0.00,0.00,0.11,0.00,0.11
200,8.27,-0.01,0.03,0.03,0.09,0.04,0.10,0.01,-0.02,0.02,0.00,0.00,0.00,0.11,0.00,0.11
201,8.31,-0.01,0.03,0.03,0.04,0.12,0.13,0.01,-0.02,0.02,0.00,0.00,0.00,0.11,0.00,0.11
202,8.35,-0.01,0.04,0.04,-0.22,0.18,0.28,0.01,-0.02,0.02,0.00,0.00,0.00,0.10,0.00,0.10
203,8.39,-0.03,0.04,0.05,-0.72,0.26,0.77,0.01,-0.02,0.02,0.00,0.00,0.00,0.10,0.00,0.10
204,8.44,-0.08,0.06,0.10,-1.47,0.37,1.51,0.00,-0.02,0.02,0.00,0.00,0.00,0.09,0.00,0.09
205,8.48,-0.16,0.07,0.17,-2.33,0.37,2.36,0.00,-0.01,0.01,0.00,0.00,0.00,0.08,0.00,0.08
206,8.52,-0.27,0.09,0.28,-2.98,0.33,3.00,-0.01,-0.01,0.01,0.00,0.00,0.00,0.07,0.00,0.07
207,8.56,-0.40,0.10,0.41,-3.07,0.40,3.10,-0.02,-0.01,0.02,0.00,0.00,0.00,0.07,0.00,0.07
208,8.60,-0.51,0.12,0.53,-2.50,0.51,2.55,-0.04,-0.00,0.04,0.00,0.00,0.00,0.08,0.01,0.08
209,8.64,-0.60,0.14,0.61,-1.53,0.58,1.63,-0.06,0.00,0.06,0.00,0.00,0.00,0.09,0.01,0.09
210,8.69,-0.64,0.17,0.66,-0.50,0.56,0.75,-0.09,0.01,0.09,0.00,0.00,0.00,0.10,0.01,0.10
211,8.73,-0.64,0.19,0.67,0.29,0.40,0.50,-0.12,0.02,0.12,0.00,0.00,0.00,0.11,0.00,0.11
212,8.77,-0.62,0.20,0.65,0.74,0.23,0.77,-0.15,0.03,0.15,0.00,0.00,0.00,0.11,0.00,0.11
213,8.81,-0.58,0.21,0.62,1.00,0.06,1.00,-0.17,0.04,0.18,0.00,0.00,0.00,0.12,0.00,0.12
214,8.85,-0.54,0.21,0.58,1.15,-0.20,1.16,-0.20,0.04,0.20,0.00,0.00,0.00,0.12,0.00,0.12
215,8.89,-0.49,0.19,0.53,1.13,-0.38,1.19,-0.22,0.05,0.22,0.00,0.00,0.00,0.12,0.00,0.12
216,8.94,-0.44,0.18,0.48,1.12,-0.45,1.20,-0.24,0.06,0.24,0.00,0.00,0.00,0.12,0.00,0.12
217,8.98,-0.40,0.15,0.43,1.18,-0.61,1.33,-0.25,0.07,0.26,0.00,0.00,0.00,0.12,0.00,0.12
218,9.02,-0.35,0.13,0.37,1.17,-0.76,1.39,-0.27,0.07,0.28,0.00,0.00,0.00,0.12,0.00,0.12
219,9.06,-0.30,0.09,0.31,1.23,-0.77,1.45,-0.28,0.08,0.29,0.00,0.00,0.00,0.12,0.00,0.12
220,9.10,-0.24,0.06,0.25,1.64,-0.69,1.78,-0.29,0.08,0.31,0.00,0.00,0.00,0.12,0.00,0.12
221,9.14,-0.16,0.04,0.16,2.21,-0.51,2.27,-0.30,0.08,0.32,0.00,0.00,0.00,0.13,0.00,0.13
222,9.19,-0.06,0.02,0.06,2.58,-0.39,2.61,-0.31,0.08,0.32,0.00,0.00,0.00,0.13,0.00,0.13
223,9.23,0.05,0.00,0.05,2.55,-0.44,2.59,-0.31,0.08,0.32,0.01,0.00,0.01,0.13,0.00,0.13
224,9.27,0.15,-0.02,0.15,2.01,-0.47,2.07,-0.30,0.08,0.32,0.02,0.00,0.02,0.13,0.00,0.13
225,9.31,0.21,-0.04,0.22,1.22,-0.40,1.28,-0.30,0.08,0.31,0.03,0.00,0.03,0.12,0.00,0.12
226,9.35,0.25,-0.05,0.26,0.68,-0.34,0.76,-0.29,0.08,0.30,0.03,0.00,0.03,0.11,0.00,0.11
227,9.39,0.27,-0.06,0.28,0.39,-0.25,0.46,-0.27,0.08,0.28,0.03,0.00,0.03,0.11,0.00,0.11
228,9.44,0.28,-0.07,0.29,0.07,-0.08,0.11,-0.26,0.08,0.27,0.03,0.00,0.03,0.11,0.00,0.11
229,9.48,0.28,-0.07,0.29,-0.22,0.09,0.23,-0.25,0.07,0.26,0.03,0.00,0.03,0.10,0.00,0.10
230,9.52,0.27,-0.06,0.28,-0.38,0.21,0.43,-0.24,0.07,0.25,0.03,0.00,0.03,0.10,0.00,0.10
231,9.56,0.25,-0.06,0.26,-0.39,0.20,0.44,-0.23,0.07,0.24,0.03,0.00,0.03,0.10,0.00,0.10
232,9.60,0.24,-0.05,0.24,-0.25,0.04,0.25,-0.22,0.06,0.23,0.02,0.00,0.02,0.10,0.00,0.10
233,9.64,0.23,-0.05,0.24,-0.17,-0.12,0.21,-0.21,0.06,0.22,0.02,0.00,0.02,0.10,0.00,0.10
234,9.69,0.22,-0.06,0.23,-0.20,-0.12,0.23,-0.20,0.06,0.21,0.02,0.00,0.02,0.10,0.00,0.10
235,9.73,0.21,-0.06,0.22,-0.15,-0.01,0.15,-0.19,0.06,0.20,0.02,0.00,0.02,0.11,0.00,0.11
236,9.77,0.21,-0.06,0.22,-0.10,0.17,0.20,-0.18,0.05,0.19,0.02,0.00,0.02,0.11,0.00,0.11
237,9.81,0.20,-0.05,0.21,-0.14,0.30,0.33,-0.17,0.05,0.18,0.02,0.00,0.02,0.11,0.00,0.11
238,9.85,0.20,-0.04,0.20,-0.16,0.18,0.24,-0.16,0.05,0.17,0.02,0.00,0.02,0.11,0.00,0.11
239,9.89,0.19,-0.03,0.19,-0.19,-0.03,0.20,-0.16,0.05,0.16,0.02,0.00,0.02,0.10,0.00,0.10
240,9.94,0.18,-0.04,0.19,-0.22,-0.21,0.30,-0.15,0.05,0.16,0.02,0.00,0.02,0.10,0.00,0.10
241,9.98,0.18,-0.05,0.18,-0.14,-0.36,0.39,-0.14,0.05,0.15,0.02,0.00,0.02,0.11,0.00,0.11
242,10,0.17,-0.07,0.18,-0.06,-0.35,0.36,-0.13,0.04,0.14,0.02,0.00,0.02,0.11,0.00,0.11
243,10,0.17,-0.08,0.18,-0.04,-0.16,0.17,-0.13,0.04,0.13,0.02,0.00,0.02,0.11,0.00,0.11
244,10,0.17,-0.08,0.19,0.07,-0.03,0.08,-0.12,0.04,0.13,0.02,0.00,0.02,0.11,0.00,0.11
245,10,0.18,-0.08,0.19,0.26,-0.02,0.26,-0.11,0.03,0.12,0.02,0.00,0.02,0.11,0.00,0.11
246,10,0.19,-0.08,0.20,0.31,-0.00,0.31,-0.10,0.03,0.11,0.02,0.00,0.02,0.11,0.00,0.11
247,10,0.20,-0.08,0.22,0.28,0.02,0.28,-0.10,0.03,0.10,0.02,0.00,0.02,0.11,0.00,0.11
248,10,0.21,-0.08,0.23,0.26,0.05,0.27,-0.09,0.02,0.09,0.02,0.00,0.02,0.11,0.00,0.11
249,10,0.22,-0.08,0.23,0.15,0.11,0.19,-0.08,0.02,0.08,0.02,0.00,0.02,0.11,0.00,0.11
250,10,0.23,-0.07,0.24,0.09,0.17,0.19,-0.07,0.02,0.07,0.02,0.00,0.02,0.11,0.00,0.11
251,10,0.23,-0.06,0.24,0.28,0.18,0.33,-0.06,0.01,0.06,0.03,0.00,0.03,0.11,0.00,0.11
252,10,0.25,-0.06,0.26,0.56,0.19,0.59,-0.05,0.01,0.05,0.03,0.00,0.03,0.11,0.00,0.11
253,10,0.28,-0.05,0.28,0.65,0.23,0.69,-0.04,0.01,0.04,0.03,0.00,0.03,0.11,0.00,0.11
254,10,0.30,-0.04,0.30,0.30,0.19,0.35,-0.03,0.01,0.03,0.03,0.00,0.03,0.11,0.00,0.11
255,10,0.29,-0.03,0.30,-0.51,0.09,0.52,-0.01,0.01,0.02,0.03,0.00,0.03,0.10,0.00,0.10
256,10,0.25,-0.03,0.26,-1.40,0.08,1.40,-0.00,0.01,0.01,0.02,0.00,0.02,0.09,0.00,0.09
257,10,0.18,-0.03,0.18,-2.02,0.09,2.02,0.01,0.00,0.01,0.02,0.00,0.02,0.08,0.00,0.08
258,10,0.09,-0.02,0.10,-2.10,0.06,2.10,0.01,0.00,0.01,0.01,0.00,0.01,0.08,0.00,0.08
259,10,0.02,-0.02,0.03,-1.56,0.05,1.56,0.02,0.00,0.02,0.00,0.00,0.00,0.09,0.00,0.09
260,10,-0.03,-0.02,0.04,-0.63,-0.03,0.63,0.01,0.00,0.01,0.00,0.00,0.00,0.10,0.00,0.10
261,10,-0.04,-0.02,0.04,0.22,-0.08,0.24,0.01,0.00,0.01,0.00,0.00,0.00,0.11,0.00,0.11
262,10,-0.02,-0.02,0.03,0.52,-0.01,0.52,0.01,0.00,0.01,0.00,0.00,0.00,0.11,0.00,0.11
263,10,-0.00,-0.02,0.02,0.26,0.06,0.27,0.01,-0.00,0.01,0.00,0.00,0.00,0.11,0.00,0.11
264,10,-0.00,-0.02,0.02,-0.16,0.12,0.20,0.01,-0.00,0.01,0.00,0.00,0.00,0.11,0.00,0.11
265,10,-0.01,-0.01,0.02,-0.34,0.13,0.36,0.01,-0.00,0.01,0.00,0.00,0.00,0.10,0.00,0.10
266,11,-0.02,-0.01,0.03,-0.23,-0.05,0.24,0.01,-0.00,0.01,0.00,0.00,0.00,0.10,0.00,0.10
267,11,-0.03,-0.02,0.03,-0.10,-0.14,0.17,0.01,-0.00,0.01,0.00,0.00,0.00,0.11,0.00,0.11
268,11,-0.03,-0.02,0.04,0.00,-0.08,0.08,0.01,-0.00,0.01,0.00,0.00,0.00,0.11,0.00,0.11
269,11,-0.03,-0.02,0.04,0.19,0.03,0.19,0.00,-0.01,0.01,0.00,0.00,0.00,0.11,0.00,0.11
270,11,-0.02,-0.02,0.03,0.30,0.28,0.41,0.00,-0.01,0.01,0.00,0.00,0.00,0.11,0.00,0.11
271,11,-0.01,-0.00,0.01,0.21,0.42,0.47,0.00,-0.01,0.01,0.00,0.00,0.00,0.11,0.00,0.11
272,11,-0.00,0.01,0.01,0.04,0.26,0.26,0.00,-0.01,0.01,0.00,0.00,0.00,0.11,0.00,0.11
273,11,-0.01,0.02,0.02,-0.11,0.09,0.15,0.00,-0.01,0.01,0.00,0.00,0.00,0.11,0.00,0.11
274,11,-0.01,0.02,0.03,-0.13,0.01,0.13,0.00,-0.00,0.00,0.00,0.00,0.00,0.11,0.00,0.11
275,11,-0.01,0.02,0.03,-0.02,-0.06,0.07,0.00,-0.00,0.00,0.00,0.00,0.00,0.11,0.00,0.11
276,11,-0.01,0.02,0.02,-0.00,-0.05,0.05,0.00,-0.00,0.00,0.00,0.00,0.00,0.11,0.00,0.11
277,11,-0.02,0.02,0.03,-0.25,-0.00,0.25,0.00,-0.00,0.00,0.00,0.00,0.00,0.10,0.00,0.10
278,11,-0.04,0.02,0.04,-0.94,0.01,0.94,0.00,-0.00,0.00,0.00,0.00,0.00,0.10,0.00,0.10
279,11,-0.10,0.02,0.11,-2.13,0.08,2.13,-0.00,-0.00,0.00,0.00,0.00,0.00,0.08,0.00,0.08
280,11,-0.22,0.03,0.22,-3.24,0.17,3.24,-0.00,0.00,0.00,0.00,0.00,0.00,0.07,0.00,0.07
281,11,-0.36,0.03,0.36,-3.48,0.22,3.49,-0.02,0.00,0.02,0.00,0.00,0.00,0.07,0.00,0.07
282,11,-0.49,0.04,0.49,-2.72,0.33,2.74,-0.04,0.00,0.04,0.00,0.00,0.00,0.08,0.00,0.08
283,11,-0.58,0.06,0.58,-1.51,0.50,1.59,-0.06,0.01,0.06,0.00,0.00,0.00,0.09,0.01,0.09
284,11,-0.62,0.08,0.63,-0.48,0.54,0.72,-0.09,0.01,0.09,0.00,0.00,0.00,0.10,0.01,0.10
285,11,-0.63,0.10,0.63,0.15,0.35,0.38,-0.11,0.01,0.11,0.00,0.00,0.00,0.11,0.00,0.11
286,11,-0.61,0.11,0.62,0.56,0.04,0.56,-0.14,0.02,0.14,0.00,0.00,0.00,0.11,0.00,0.11
287,11,-0.58,0.11,0.59,0.94,-0.15,0.95,-0.17,0.02,0.17,0.00,0.00,0.00,0.12,0.00,0.12
288,11,-0.54,0.10,0.55,1.14,-0.12,1.14,-0.19,0.03,0.19,0.00,0.00,0.00,0.12,0.00,0.12
289,11,-0.49,0.10,0.50,1.16,-0.00,1.16,-0.21,0.03,0.21,0.00,0.00,0.00,0.12,0.00,0.12
290,12,-0.44,0.10,0.45,1.12,0.06,1.12,-0.23,0.03,0.23,0.00,0.00,0.00,0.12,0.00,0.12
291,12,-0.40,0.10,0.41,0.97,0.05,0.97,-0.25,0.04,0.25,0.00,0.00,0.00,0.12,0.00,0.12
292,12,-0.36,0.10,0.37,0.81,-0.05,0.81,-0.26,0.04,0.27,0.00,0.00,0.00,0.12,0.00,0.12
293,12,-0.33,0.10,0.34,0.79,-0.17,0.81,-0.28,0.05,0.28,0.00,0.00,0.00,0.12,0.00,0.12
294,12,-0.29,0.09,0.30,0.99,-0.24,1.02,-0.29,0.05,0.29,0.00,0.00,0.00,0.12,0.00,0.12
295,12,-0.24,0.08,0.25,1.45,-0.34,1.49,-0.30,0.06,0.31,0.00,0.00,0.00,0.12,0.00,0.12
296,12,-0.17,0.06,0.18,1.95,-0.42,2.00,-0.31,0.06,0.32,0.00,0.00,0.00,0.13,0.00,0.13
297,12,-0.08,0.04,0.09,2.22,-0.45,2.27,-0.32,0.06,0.32,0.00,0.00,0.00,0.13,0.00,0.13
298,12,0.01,0.03,0.03,2.23,-0.49,2.29,-0.32,0.06,0.32,0.00,0.00,0.00,0.13,0.00,0.13
299,12,0.10,0.01,0.10,1.96,-0.40,2.00,-0.32,0.06,0.32,0.01,0.00,0.01,0.13,0.00,0.13
300,12,0.17,-0.01,0.17,1.34,-0.15,1.35,-0.31,0.06,0.31,0.02,0.00,0.02,0.12,0.00,0.12
301,12,0.21,-0.01,0.21,0.60,-0.03,0.60,-0.30,0.06,0.31,0.02,0.00,0.02,0.11,0.00,0.11
302,12,0.22,-0.01,0.22,0.09,-0.08,0.12,-0.29,0.06,0.30,0.02,0.00,0.02,0.11,0.00,0.11
303,12,0.22,-0.02,0.22,-0.14,-0.14,0.20,-0.28,0.06,0.29,0.02,0.00,0.02,0.11,0.00,0.11
304,12,0.22,-0.02,0.22,-0.16,-0.14,0.21,-0.27,0.06,0.28,0.02,0.00,0.02,0.11,0.00,0.11
305,12,0.21,-0.03,0.21,-0.10,-0.05,0.12,-0.26,0.06,0.27,0.02,0.00,0.02,0.11,0.00,0.11
306,12,0.21,-0.03,0.21,-0.12,0.03,0.12,-0.25,0.06,0.26,0.02,0.00,0.02,0.11,0.00,0.11
307,12,0.20,-0.03,0.20,-0.20,0.01,0.20,-0.24,0.06,0.25,0.02,0.00,0.02,0.10,0.00,0.10
308,12,0.19,-0.03,0.19,-0.27,-0.03,0.27,-0.24,0.06,0.24,0.02,0.00,0.02,0.10,0.00,0.10
309,12,0.18,-0.03,0.18,-0.35,-0.03,0.35,-0.23,0.05,0.23,0.02,0.00,0.02,0.10,0.00,0.10
310,12,0.16,-0.03,0.16,-0.36,-0.02,0.36,-0.22,0.05,0.23,0.02,0.00,0.02,0.10,0.00,0.10
311,12,0.15,-0.03,0.15,-0.25,0.00,0.25,-0.22,0.05,0.22,0.02,0.00,0.02,0.10,0.00,0.10
312,12,0.14,-0.03,0.14,-0.17,0.04,0.18,-0.21,0.05,0.22,0.01,0.00,0.01,0.10,0.00,0.10
313,12,0.13,-0.03,0.14,-0.15,0.03,0.16,-0.20,0.05,0.21,0.01,0.00,0.01,0.11,0.00,0.11
314,13,0.13,-0.03,0.13,-0.14,-0.01,0.14,-0.20,0.05,0.20,0.01,0.00,0.01,0.11,0.00,0.11
315,13,0.12,-0.03,0.12,-0.08,-0.05,0.09,-0.19,0.05,0.20,0.01,0.00,0.01,0.11,0.00,0.11
316,13,0.12,-0.03,0.12,0.00,-0.10,0.10,-0.19,0.05,0.19,0.01,0.00,0.01,0.11,0.00,0.11
317,13,0.12,-0.04,0.13,0.01,-0.18,0.18,-0.18,0.05,0.19,0.01,0.00,0.01,0.11,0.00,0.11
318,13,0.12,-0.04,0.13,-0.09,-0.16,0.19,-0.18,0.04,0.18,0.01,0.00,0.01,0.11,0.00,0.11
319,13,0.11,-0.05,0.12,-0.12,-0.07,0.14,-0.17,0.04,0.18,0.01,0.00,0.01,0.11,0.00,0.11
320,13,0.11,-0.05,0.12,-0.04,0.05,0.06,-0.17,0.04,0.17,0.01,0.00,0.01,0.11,0.00,0.11
321,13,0.11,-0.04,0.12,0.05,0.15,0.16,-0.16,0.04,0.17,0.01,0.00,0.01,0.11,0.00,0.11
322,13,0.12,-0.04,0.12,0.09,0.12,0.16,-0.16,0.04,0.16,0.01,0.00,0.01,0.11,0.00,0.11
323,13,0.12,-0.04,0.12,0.07,0.03,0.07,-0.15,0.03,0.16,0.01,0.00,0.01,0.11,0.00,0.11
324,13,0.12,-0.03,0.12,0.03,0.03,0.04,-0.15,0.03,0.15,0.01,0.00,0.01,0.11,0.00,0.11
325,13,0.12,-0.03,0.13,0.06,0.09,0.11,-0.14,0.03,0.15,0.01,0.00,0.01,0.11,0.00,0.11
326,13,0.13,-0.03,0.13,0.10,0.13,0.16,-0.14,0.03,0.14,0.01,0.00,0.01,0.11,0.00,0.11
327,13,0.13,-0.02,0.13,0.09,0.11,0.14,-0.13,0.03,0.14,0.01,0.00,0.01,0.11,0.00,0.11
328,13,0.13,-0.02,0.13,0.00,0.04,0.04,-0.13,0.03,0.13,0.01,0.00,0.01,0.11,0.00,0.11
329,13,0.13,-0.02,0.13,-0.11,-0.05,0.12,-0.12,0.03,0.13,0.01,0.00,0.01,0.11,0.00,0.11
330,13,0.12,-0.02,0.13,-0.21,-0.10,0.23,-0.12,0.03,0.12,0.01,0.00,0.01,0.10,0.00,0.10
331,13,0.11,-0.03,0.11,-0.32,-0.04,0.32,-0.11,0.03,0.12,0.01,0.00,0.01,0.10,0.00,0.10
332,13,0.10,-0.03,0.10,-0.29,0.03,0.29,-0.11,0.02,0.11,0.01,0.00,0.01,0.10,0.00,0.10
333,13,0.09,-0.02,0.09,-0.09,0.05,0.10,-0.10,0.02,0.11,0.01,0.00,0.01,0.11,0.00,0.11
334,13,0.09,-0.02,0.09,0.07,0.09,0.11,-0.10,0.02,0.10,0.01,0.00,0.01,0.11,0.00,0.11
335,13,0.09,-0.02,0.10,0.09,0.12,0.16,-0.10,0.02,0.10,0.01,0.00,0.01,0.11,0.00,0.11
336,13,0.10,-0.01,0.10,0.10,0.08,0.12,-0.09,0.02,0.10,0.01,0.00,0.01,0.11,0.00,0.11
337,13,0.10,-0.01,0.10,0.14,-0.04,0.14,-0.09,0.02,0.09,0.01,0.00,0.01,0.11,0.00,0.11
338,14,0.11,-0.02,0.11,0.25,-0.20,0.32,-0.08,0.02,0.09,0.01,0.00,0.01,0.11,0.00,0.11
339,14,0.12,-0.03,0.13,0.42,-0.35,0.55,-0.08,0.02,0.08,0.01,0.00,0.01,0.11,0.00,0.11
340,14,0.14,-0.04,0.15,0.42,-0.33,0.54,-0.07,0.02,0.08,0.02,0.00,0.02,0.11,0.00,0.11
341,14,0.16,-0.05,0.16,0.22,-0.17,0.28,-0.07,0.02,0.07,0.02,0.00,0.02,0.11,0.00,0.11
342,14,0.16,-0.06,0.17,0.14,-0.01,0.14,-0.06,0.01,0.06,0.02,0.00,0.02,0.11,0.00,0.11
343,14,0.17,-0.05,0.18,0.14,0.09,0.16,-0.05,0.01,0.06,0.02,0.00,0.02,0.11,0.00,0.11
344,14,0.17,-0.05,0.18,0.04,0.11,0.12,-0.05,0.01,0.05,0.02,0.00,0.02,0.11,0.00,0.11
345,14,0.17,-0.05,0.18,-0.04,0.01,0.04,-0.04,0.01,0.04,0.02,0.00,0.02,0.11,0.00,0.11
346,14,0.17,-0.05,0.18,-0.10,-0.05,0.11,-0.03,0.01,0.03,0.02,0.00,0.02,0.11,0.00,0.11
347,14,0.16,-0.05,0.17,-0.14,-0.00,0.14,-0.03,0.00,0.03,0.02,0.00,0.02,0.11,0.00,0.11
348,14,0.16,-0.05,0.16,-0.22,0.09,0.24,-0.02,0.00,0.02,0.02,0.00,0.02,0.10,0.00,0.10
349,14,0.15,-0.04,0.15,-0.42,0.16,0.45,-0.01,-0.00,0.01,0.01,0.00,0.01,0.10,0.00,0.10
350,14,0.12,-0.04,0.13,-0.59,0.11,0.60,-0.01,-0.00,0.01,0.01,0.00,0.01,0.10,0.00,0.10
351,14,0.10,-0.03,0.10,-0.61,-0.02,0.61,-0.00,-0.00,0.00,0.01,0.00,0.01,0.10,0.00,0.10
352,14,0.07,-0.04,0.08,-0.51,-0.09,0.52,0.00,-0.00,0.00,0.01,0.00,0.01,0.10,0.00,0.10
353,14,0.06,-0.04,0.07,-0.37,-0.08,0.38,0.00,-0.01,0.01,0.01,0.00,0.01,0.10,0.00,0.10
354,14,0.04,-0.04,0.06,-0.30,0.00,0.30,0.01,-0.01,0.01,0.00,0.00,0.00,0.10,0.00,0.10
355,14,0.03,-0.04,0.05,-0.26,0.23,0.35,0.01,-0.01,0.01,0.00,0.00,0.00,0.10,0.00,0.10
356,14,0.02,-0.03,0.03,-0.19,0.37,0.42,0.01,-0.01,0.01,0.00,0.00,0.00,0.10,0.00,0.10
357,14,0.01,-0.01,0.02,-0.26,0.32,0.41,0.01,-0.01,0.02,0.00,0.00,0.00,0.10,0.00,0.10
358,14,-0.00,0.00,0.00,-0.38,0.19,0.42,0.01,-0.01,0.02,0.00,0.00,0.00,0.10,0.00,0.10
359,14,-0.02,0.01,0.02,-0.37,0.06,0.37,0.01,-0.01,0.01,0.00,0.00,0.00,0.10,0.00,0.10
360,14,-0.03,0.01,0.03,-0.18,-0.01,0.18,0.01,-0.01,0.01,0.00,0.00,0.00,0.10,0.00,0.10
361,14,-0.03,0.01,0.03,0.10,0.05,0.11,0.01,-0.01,0.01,0.00,0.00,0.00,0.11,0.00,0.11
362,15,-0.02,0.01,0.02,0.25,0.09,0.27,0.01,-0.01,0.01,0.00,0.00,0.00,0.11,0.00,0.11
363,15,-0.01,0.01,0.02,0.22,0.03,0.23,0.00,-0.01,0.01,0.00,0.00,0.00,0.11,0.00,0.11
364,15,-0.00,0.01,0.01,0.18,0.03,0.18,0.00,-0.01,0.01,0.00,0.00,0.00,0.11,0.00,0.11
365,15,0.00,0.02,0.02,0.07,0.16,0.17,0.00,-0.01,0.01,0.00,0.00,0.00,0.11,0.00,0.11
366,15,0.00,0.02,0.02,-0.06,0.18,0.19,0.00,-0.01,0.01,0.00,0.00,0.00,0.11,0.00,0.11
367,15,-0.00,0.03,0.03,-0.07,-0.00,0.07,0.01,-0.01,0.01,0.00,0.00,0.00,0.11,0.00,0.11
368,15,-0.00,0.03,0.03,-0.07,-0.15,0.17,0.00,-0.01,0.01,0.00,0.00,0.00,0.11,0.00,0.11
369,15,-0.01,0.02,0.02,0.06,-0.21,0.22,0.00,-0.00,0.01,0.00,0.00,0.00,0.11,0.00,0.11
370,15,0.00,0.01,0.01,0.27,-0.15,0.31,0.00,-0.00,0.01,0.00,0.00,0.00,0.11,0.00,0.11
371,15,0.01,0.01,0.02,0.28,0.08,0.29,0.00,-0.00,0.01,0.00,0.00,0.00,0.11,0.00,0.11
372,15,0.02,0.01,0.03,0.10,0.18,0.21,0.01,-0.00,0.01,0.00,0.00,0.00,0.11,0.00,0.11
373,15,0.02,0.02,0.03,-0.13,0.07,0.15,0.01,-0.00,0.01,0.00,0.00,0.00,0.11,0.00,0.11
374,15,0.01,0.02,0.02,-0.27,-0.05,0.27,0.01,-0.00,0.01,0.00,0.00,0.00,0.10,0.00,0.10
375,15,0.00,0.01,0.02,-0.17,-0.17,0.24,0.01,-0.00,0.01,0.00,0.00,0.00,0.10,0.00,0.10
376,15,-0.00,0.01,0.01,-0.00,-0.20,0.20,0.01,-0.00,0.01,0.00,0.00,0.00,0.11,0.00,0.11
377,15,-0.00,0.00,0.00,-0.19,-0.01,0.19,0.01,-0.00,0.01,0.00,0.00,0.00,0.10,0.00,0.10
378,15,-0.02,0.01,0.02,-0.87,0.22,0.90,0.01,-0.00,0.01,0.00,0.00,0.00,0.10,0.00,0.10
379,15,-0.08,0.02,0.08,-1.80,0.34,1.83,0.01,-0.00,0.01,0.00,0.00,0.00,0.09,0.00,0.09
380,15,-0.17,0.03,0.18,-2.67,0.39,2.70,0.00,0.00,0.00,0.00,0.00,0.00,0.08,0.00,0.08
381,15,-0.29,0.05,0.30,-2.94,0.35,2.96,-0.01,0.00,0.01,0.00,0.00,0.00,0.07,0.00,0.07
382,15,-0.40,0.06,0.41,-2.30,0.27,2.32,-0.02,0.00,0.02,0.00,0.00,0.00,0.08,0.00,0.08
383,15,-0.48,0.07,0.48,-1.24,0.25,1.26,-0.04,0.01,0.04,0.00,0.00,0.00,0.09,0.00,0.09
384,15,-0.51,0.08,0.52,-0.25,0.30,0.39,-0.06,0.01,0.07,0.00,0.00,0.00,0.10,0.00,0.10
385,15,-0.50,0.10,0.51,0.43,0.40,0.59,-0.09,0.01,0.09,0.00,0.00,0.00,0.11,0.00,0.11
386,16,-0.48,0.12,0.50,0.60,0.50,0.78,-0.11,0.02,0.11,0.00,0.00,0.00,0.11,0.01,0.11
387,16,-0.46,0.14,0.48,0.42,0.55,0.69,-0.13,0.02,0.13,0.00,0.00,0.00,0.11,0.01,0.11
388,16,-0.45,0.16,0.47,0.19,0.44,0.48,-0.14,0.03,0.15,0.00,0.00,0.00,0.11,0.00,0.11
389,16,-0.44,0.18,0.48,0.04,0.24,0.24,-0.16,0.04,0.17,0.00,0.00,0.00,0.11,0.00,0.11
390,16,-0.44,0.18,0.48,0.08,0.05,0.09,-0.18,0.05,0.19,0.00,0.00,0.00,0.11,0.00,0.11
391,16,-0.43,0.18,0.47,0.41,-0.18,0.45,-0.20,0.05,0.21,0.00,0.00,0.00,0.11,0.00,0.11
392,16,-0.40,0.17,0.44,0.81,-0.38,0.89,-0.22,0.06,0.23,0.00,0.00,0.00,0.12,0.00,0.12
393,16,-0.37,0.15,0.40,0.97,-0.44,1.06,-0.23,0.07,0.24,0.00,0.00,0.00,0.12,0.00,0.12
394,16,-0.33,0.13,0.35,0.90,-0.41,0.99,-0.25,0.07,0.26,0.00,0.00,0.00,0.12,0.00,0.12
395,16,-0.29,0.12,0.31,0.81,-0.33,0.88,-0.26,0.08,0.27,0.00,0.00,0.00,0.12,0.00,0.12
396,16,-0.26,0.10,0.28,0.96,-0.32,1.01,-0.27,0.08,0.28,0.00,0.00,0.00,0.12,0.00,0.12
397,16,-0.21,0.09,0.23,1.36,-0.44,1.43,-0.28,0.09,0.30,0.00,0.00,0.00,0.12,0.00,0.12
398,16,-0.14,0.06,0.16,1.84,-0.64,1.95,-0.29,0.09,0.31,0.00,0.00,0.00,0.13,0.00,0.13
399,16,-0.06,0.03,0.07,2.22,-0.78,2.36,-0.30,0.09,0.31,0.00,0.00,0.00,0.13,0.00,0.13
400,16,0.04,0.00,0.04,2.19,-0.74,2.31,-0.30,0.09,0.31,0.00,0.00,0.00,0.13,0.00,0.13
401,16,0.12,-0.02,0.12,1.59,-0.49,1.67,-0.29,0.09,0.31,0.01,0.00,0.01,0.12,0.00,0.12
402,16,0.17,-0.04,0.17,0.84,-0.19,0.86,-0.29,0.09,0.30,0.02,0.00,0.02,0.12,0.00,0.12
403,16,0.19,-0.04,0.19,0.27,-0.05,0.28,-0.28,0.09,0.29,0.02,0.00,0.02,0.11,0.00,0.11
404,16,0.19,-0.04,0.20,-0.04,-0.11,0.12,-0.27,0.09,0.28,0.02,0.00,0.02,0.11,0.00,0.11
405,16,0.19,-0.05,0.20,-0.09,-0.23,0.24,-0.26,0.09,0.27,0.02,0.00,0.02,0.11,0.00,0.11
406,16,0.19,-0.06,0.20,-0.13,-0.21,0.25,-0.25,0.08,0.27,0.02,0.00,0.02,0.11,0.00,0.11
407,16,0.18,-0.07,0.19,-0.36,-0.05,0.36,-0.24,0.08,0.26,0.02,0.00,0.02,0.10,0.00,0.10
408,16,0.16,-0.07,0.17,-0.46,0.10,0.47,-0.24,0.08,0.25,0.02,0.00,0.02,0.10,0.00,0.10
409,16,0.14,-0.06,0.16,-0.30,0.07,0.31,-0.23,0.07,0.24,0.01,0.00,0.01,0.10,0.00,0.10
410,17,0.13,-0.06,0.15,-0.13,-0.05,0.14,-0.23,0.07,0.24,0.01,0.00,0.01,0.11,0.00,0.11
411,17,0.13,-0.07,0.14,-0.11,-0.08,0.13,-0.22,0.07,0.23,0.01,0.00,0.01,0.11,0.00,0.11
412,17,0.12,-0.07,0.14,-0.20,0.04,0.20,-0.21,0.07,0.23,0.01,0.00,0.01,0.10,0.00,0.10
413,17,0.11,-0.06,0.13,-0.31,0.18,0.36,-0.21,0.06,0.22,0.01,0.00,0.01,0.10,0.00,0.10
414,17,0.10,-0.05,0.11,-0.25,0.21,0.32,-0.21,0.06,0.21,0.01,0.00,0.01,0.10,0.00,0.10
415,17,0.09,-0.05,0.10,-0.10,0.14,0.17,-0.20,0.06,0.21,0.01,0.00,0.01,0.11,0.00,0.11
416,17,0.09,-0.04,0.10,-0.01,0.10,0.10,-0.20,0.06,0.21,0.01,0.00,0.01,0.11,0.00,0.11
417,17,0.09,-0.04,0.10,0.03,0.12,0.13,-0.19,0.06,0.20,0.01,0.00,0.01,0.11,0.00,0.11
418,17,0.09,-0.03,0.10,0.06,0.13,0.15,-0.19,0.05,0.20,0.01,0.00,0.01,0.11,0.00,0.11
419,17,0.10,-0.03,0.10,0.09,0.07,0.11,-0.19,0.05,0.19,0.01,0.00,0.01,0.11,0.00,0.11
420,17,0.10,-0.02,0.10,0.06,0.05,0.07,-0.18,0.05,0.19,0.01,0.00,0.01,0.11,0.00,0.11
421,17,0.10,-0.02,0.10,-0.05,0.10,0.11,-0.18,0.05,0.19,0.01,0.00,0.01,0.11,0.00,0.11
422,17,0.10,-0.02,0.10,-0.16,0.14,0.21,-0.17,0.05,0.18,0.01,0.00,0.01,0.11,0.00,0.11
423,17,0.09,-0.01,0.09,-0.15,0.10,0.18,-0.17,0.05,0.18,0.01,0.00,0.01,0.11,0.00,0.11
424,17,0.08,-0.01,0.08,-0.05,-0.04,0.06,-0.17,0.05,0.17,0.01,0.00,0.01,0.11,0.00,0.11
425,17,0.08,-0.01,0.09,0.03,-0.17,0.17,-0.16,0.05,0.17,0.01,0.00,0.01,0.11,0.00,0.11
426,17,0.09,-0.02,0.09,0.05,-0.16,0.17,-0.16,0.05,0.17,0.01,0.00,0.01,0.11,0.00,0.11
427,17,0.09,-0.03,0.09,0.02,-0.03,0.04,-0.16,0.05,0.16,0.01,0.00,0.01,0.11,0.00,0.11
428,17,0.09,-0.03,0.09,-0.06,0.07,0.09,-0.15,0.05,0.16,0.01,0.00,0.01,0.11,0.00,0.11
429,17,0.08,-0.02,0.09,-0.07,0.09,0.12,-0.15,0.04,0.16,0.01,0.00,0.01,0.11,0.00,0.11
430,17,0.08,-0.02,0.08,0.03,0.05,0.06,-0.15,0.04,0.15,0.01,0.00,0.01,0.11,0.00,0.11
431,17,0.09,-0.02,0.09,0.18,-0.02,0.19,-0.14,0.04,0.15,0.01,0.00,0.01,0.11,0.00,0.11
432,17,0.10,-0.02,0.10,0.26,-0.04,0.26,-0.14,0.04,0.15,0.01,0.00,0.01,0.11,0.00,0.11
433,17,0.11,-0.02,0.11,0.19,0.02,0.19,-0.13,0.04,0.14,0.01,0.00,0.01,0.11,0.00,0.11
434,18,0.11,-0.02,0.11,0.07,0.05,0.08,-0.13,0.04,0.14,0.01,0.00,0.01,0.11,0.00,0.11
435,18,0.11,-0.02,0.11,0.03,0.01,0.03,-0.12,0.04,0.13,0.01,0.00,0.01,0.11,0.00,0.11
436,18,0.12,-0.02,0.12,0.09,-0.03,0.10,-0.12,0.04,0.13,0.01,0.00,0.01,0.11,0.00,0.11
437,18,0.12,-0.02,0.12,0.11,-0.07,0.13,-0.12,0.04,0.12,0.01,0.00,0.01,0.11,0.00,0.11
438,18,0.12,-0.02,0.13,0.10,-0.05,0.12,-0.11,0.04,0.12,0.01,0.00,0.01,0.11,0.00,0.11
439,18,0.13,-0.02,0.13,0.07,0.02,0.08,-0.10,0.04,0.11,0.01,0.00,0.01,0.11,0.00,0.11
440,18,0.13,-0.02,0.13,-0.08,0.07,0.10,-0.10,0.04,0.11,0.01,0.00,0.01,0.11,0.00,0.11
441,18,0.12,-0.02,0.12,-0.22,0.10,0.24,-0.09,0.04,0.10,0.01,0.00,0.01,0.10,0.00,0.10
442,18,0.11,-0.01,0.11,-0.28,0.08,0.29,-0.09,0.03,0.09,0.01,0.00,0.01,0.10,0.00,0.10
443,18,0.10,-0.01,0.10,-0.26,0.04,0.26,-0.08,0.03,0.09,0.01,0.00,0.01,0.10,0.00,0.10
444,18,0.09,-0.01,0.09,-0.04,0.01,0.04,-0.08,0.03,0.09,0.01,0.00,0.01,0.11,0.00,0.11
445,18,0.10,-0.01,0.10,0.18,-0.05,0.19,-0.08,0.03,0.08,0.01,0.00,0.01,0.11,0.00,0.11
446,18,0.10,-0.02,0.11,0.17,-0.15,0.23,-0.07,0.03,0.08,0.01,0.00,0.01,0.11,0.00,0.11
447,18,0.11,-0.02,0.11,0.01,-0.21,0.21,-0.07,0.03,0.08,0.01,0.00,0.01,0.11,0.00,0.11
448,18,0.11,-0.03,0.11,-0.09,-0.23,0.25,-0.06,0.03,0.07,0.01,0.00,0.01,0.11,0.00,0.11
449,18,0.10,-0.04,0.11,-0.06,-0.26,0.27,-0.06,0.03,0.07,0.01,0.00,0.01,0.11,0.00,0.11
450,18,0.10,-0.05,0.12,0.06,-0.19,0.19,-0.06,0.03,0.06,0.01,0.00,0.01,0.11,0.00,0.11
451,18,0.11,-0.06,0.12,0.20,-0.02,0.20,-0.05,0.03,0.06,0.01,0.00,0.01,0.11,0.00,0.11
452,18,0.12,-0.06,0.13,0.27,0.09,0.29,-0.05,0.02,0.05,0.01,0.00,0.01,0.11,0.00,0.11
453,18,0.13,-0.05,0.14,0.30,0.13,0.33,-0.04,0.02,0.05,0.01,0.00,0.01,0.11,0.00,0.11
454,18,0.14,-0.05,0.15,0.36,0.06,0.36,-0.04,0.02,0.04,0.02,0.00,0.02,0.11,0.00,0.11
455,18,0.16,-0.05,0.17,0.33,-0.14,0.36,-0.03,0.02,0.03,0.02,0.00,0.02,0.11,0.00,0.11
456,18,0.17,-0.06,0.18,0.21,-0.24,0.32,-0.02,0.01,0.03,0.02,0.00,0.02,0.11,0.00,0.11
457,18,0.18,-0.07,0.19,0.09,-0.19,0.21,-0.01,0.01,0.02,0.02,0.00,0.02,0.11,0.00,0.11
458,19,0.17,-0.07,0.19,-0.22,-0.03,0.22,-0.01,0.01,0.01,0.02,0.00,0.02,0.10,0.00,0.10
459,19,0.16,-0.07,0.17,-0.69,0.14,0.70,-0.00,0.01,0.01,0.02,0.00,0.02,0.10,0.00,0.10
460,19,0.12,-0.06,0.13,-1.02,0.19,1.04,0.01,0.00,0.01,0.01,0.00,0.01,0.10,0.00,0.10
461,19,0.07,-0.05,0.09,-1.13,0.08,1.13,0.01,0.00,0.01,0.01,0.00,0.01,0.09,0.00,0.09
462,19,0.03,-0.05,0.06,-0.92,-0.04,0.92,0.01,-0.00,0.01,0.00,0.00,0.00,0.10,0.00,0.10
463,19,0.00,-0.06,0.06,-0.41,-0.08,0.42,0.01,-0.00,0.01,0.00,0.00,0.00,0.10,0.00,0.10
464,19,-0.01,-0.06,0.06,-0.04,-0.11,0.12,0.01,-0.01,0.01,0.00,0.00,0.00,0.11,0.00,0.11
465,19,-0.01,-0.07,0.07,0.05,-0.21,0.21,0.01,-0.01,0.01,0.00,0.00,0.00,0.11,0.00,0.11
466,19,-0.00,-0.08,0.08,-0.01,-0.37,0.37,0.01,-0.01,0.02,0.00,0.00,0.00,0.11,0.00,0.11
467,19,-0.01,-0.10,0.10,-0.15,-0.49,0.51,0.01,-0.02,0.02,0.00,0.00,0.00,0.11,0.00,0.11
468,19,-0.02,-0.12,0.12,-0.24,-0.50,0.55,0.01,-0.02,0.02,0.00,0.00,0.00,0.10,0.00,0.10
469,19,-0.03,-0.14,0.14,-0.19,-0.52,0.55,0.01,-0.03,0.03,0.00,0.00,0.00,0.10,0.00,0.10
470,19,-0.03,-0.16,0.17,-0.03,-0.70,0.70,0.01,-0.03,0.03,0.00,0.00,0.00,0.11,0.00,0.11
471,19,-0.03,-0.20,0.20,0.24,-0.92,0.95,0.01,-0.04,0.04,0.00,0.00,0.00,0.11,0.00,0.11
472,19,-0.01,-0.24,0.24,0.44,-1.17,1.26,0.01,-0.05,0.05,0.00,0.00,0.00,0.11,0.00,0.11
473,19,0.01,-0.30,0.30,0.37,-1.57,1.61,0.01,-0.06,0.06,0.00,0.00,0.00,0.11,0.00,0.11
474,19,0.02,-0.37,0.37,0.05,-1.83,1.83,0.01,-0.07,0.07,0.00,0.00,0.00,0.11,0.00,0.11
475,19,0.01,-0.44,0.45,-0.27,-1.71,1.73,0.01,-0.09,0.09,0.00,0.00,0.00,0.10,0.00,0.10
476,19,-0.01,-0.51,0.51,-0.55,-1.32,1.43,0.01,-0.11,0.11,0.00,0.00,0.00,0.10,0.00,0.10
477,19,-0.04,-0.56,0.56,-0.96,-1.05,1.42,0.01,-0.13,0.13,0.00,0.00,0.00,0.10,0.00,0.10
478,19,-0.09,-0.60,0.61,-1.44,-1.28,1.93,0.01,-0.16,0.16,0.00,0.00,0.00,0.09,0.00,0.09
479,19,-0.10,-0.48,0.49,0.00,0.00,0.00,0.00,-0.18,0.18,0.00,0.00,0.00,0.11,0.00,0.11
480,19,-0.04,-0.17,0.17,0.00,0.00,0.00,-0.01,-0.21,0.21,0.00,0.00,0.00,0.11,0.00,0.11
481,19,0.00,0.00,0.00,0.00,0.00,0.00,-0.02,-0.24,0.24,0.00,0.00,0.00,0.11,0.00,0.11
